coalesce,coalesce,coalesce,coalesce,coalesce
2abc0e07-d572-4551-88d7-1a11b5afac4c,bf0e3104-5254-4465-a922-9bd2a92dca07,9ca6ed0b-297b-4f55-8e9f-855f2251a3b5,0,2026-04-19 18:28:20.484000
b5410a30-0a47-49b1-83ed-4f58e01c4519,1e14934b-b8cd-42d1-9713-3184e5262679,eb940700-5ee2-48d4-b3b0-92b2c69bbbc3,0,2026-05-01 20:05:30.139000
b48bbb8f-e92a-48d1-b97e-4b13d5b21b6b,fe93f2e3-16d3-43b6-b05f-2a3227b1b11c,eb940700-5ee2-48d4-b3b0-92b2c69bbbc3,0,2026-05-01 20:05:59.327000
15d5f40f-1f56-406f-82ae-72c24e63ca0b,fe93f2e3-16d3-43b6-b05f-2a3227b1b11c,2e53a072-41f1-48e8-a379-9b8885fcdbcb,1,2026-05-01 20:05:59.327000
0104242e-0196-4415-970b-ce61cfe585f1,da5fbb50-297c-4881-a1bb-bc507914d55b,2e53a072-41f1-48e8-a379-9b8885fcdbcb,0,2026-05-01 20:06:03.352000
da4a34ff-4905-46ea-b548-9b680feab214,da5fbb50-297c-4881-a1bb-bc507914d55b,eb940700-5ee2-48d4-b3b0-92b2c69bbbc3,1,2026-05-01 20:06:03.352000
4131580d-5031-4f8b-b919-14ed54016c7d,c950c57c-b086-4b06-94a8-72f132c70862,2e53a072-41f1-48e8-a379-9b8885fcdbcb,0,2026-05-01 20:06:32.123000
68df1898-541c-4b75-82f9-04b4854c02a8,c950c57c-b086-4b06-94a8-72f132c70862,eb940700-5ee2-48d4-b3b0-92b2c69bbbc3,1,2026-05-01 20:06:32.123000
c8bac6c0-bd4c-42ad-996f-f7e46a119ba6,c950c57c-b086-4b06-94a8-72f132c70862,0b1dfee9-fda0-4832-ad45-819cecc9ca2a,2,2026-05-01 20:06:32.123000
a9236585-c73b-4d5b-9ffa-2e56fd32ed83,3c02c301-7bb6-483a-8e91-b354c33d979c,0b1dfee9-fda0-4832-ad45-819cecc9ca2a,0,2026-05-01 20:06:36.663000
89fd821a-d35f-448b-bde3-8f02d27f6293,3c02c301-7bb6-483a-8e91-b354c33d979c,2e53a072-41f1-48e8-a379-9b8885fcdbcb,1,2026-05-01 20:06:36.663000
29c4e5de-72a7-4997-8d11-75a993e6d81d,3c02c301-7bb6-483a-8e91-b354c33d979c,eb940700-5ee2-48d4-b3b0-92b2c69bbbc3,2,2026-05-01 20:06:36.663000
bce6e387-3f0b-4fda-b91a-fe4a42cee536,3ca20756-1ace-41eb-9cf4-f7af768f783e,0b1dfee9-fda0-4832-ad45-819cecc9ca2a,0,2026-05-01 20:07:04.841000
ac9fc394-3f16-4931-b4aa-86c42bde8186,3ca20756-1ace-41eb-9cf4-f7af768f783e,2e53a072-41f1-48e8-a379-9b8885fcdbcb,1,2026-05-01 20:07:04.841000
251e287e-c664-4d0a-891b-2c745fb1e142,3ca20756-1ace-41eb-9cf4-f7af768f783e,eb940700-5ee2-48d4-b3b0-92b2c69bbbc3,2,2026-05-01 20:07:04.841000
69c15e76-9262-49e3-9c19-adb9b21ed21e,3ca20756-1ace-41eb-9cf4-f7af768f783e,6f238d25-d034-46b0-ab68-51d9226aca7a,3,2026-05-01 20:07:04.841000
9634265b-7864-4d0f-af30-2e88a634aa0e,5a916721-6641-4760-a431-cd11db8063f1,0b1dfee9-fda0-4832-ad45-819cecc9ca2a,0,2026-05-01 20:07:37.333000
7124bd89-ae2d-4a89-960e-6f1297b5ceb8,5a916721-6641-4760-a431-cd11db8063f1,2e53a072-41f1-48e8-a379-9b8885fcdbcb,1,2026-05-01 20:07:37.333000
ed622aa9-79b7-4ed4-a5bf-e52dc73a9402,5a916721-6641-4760-a431-cd11db8063f1,eb940700-5ee2-48d4-b3b0-92b2c69bbbc3,2,2026-05-01 20:07:37.333000
567a4c24-2f9f-4ecd-8f77-3cc0c97c1110,5a916721-6641-4760-a431-cd11db8063f1,6f238d25-d034-46b0-ab68-51d9226aca7a,3,2026-05-01 20:07:37.333000
bd1a9742-5a38-4b8d-a89d-67baceec366f,5a916721-6641-4760-a431-cd11db8063f1,f12004bc-bec3-44c7-a89d-3900ea872596,4,2026-05-01 20:07:37.333000
1b57f89f-7d64-45cb-bded-8da9753a55fa,6d962852-2429-4fad-9cc0-64ab5c20e147,0b1dfee9-fda0-4832-ad45-819cecc9ca2a,0,2026-05-01 20:08:40.282000
ef821d5f-59b0-4c72-b8c1-7e9145284d1b,6d962852-2429-4fad-9cc0-64ab5c20e147,2e53a072-41f1-48e8-a379-9b8885fcdbcb,1,2026-05-01 20:08:40.282000
c2152569-0ecc-42e9-b87a-facd0a8ce125,6d962852-2429-4fad-9cc0-64ab5c20e147,eb940700-5ee2-48d4-b3b0-92b2c69bbbc3,2,2026-05-01 20:08:40.282000
e1db19fe-9b3b-4c65-867f-2561758e4ca7,6d962852-2429-4fad-9cc0-64ab5c20e147,6f238d25-d034-46b0-ab68-51d9226aca7a,3,2026-05-01 20:08:40.282000
00984caf-1d3b-4c45-8379-bb0f95492626,6d962852-2429-4fad-9cc0-64ab5c20e147,f12004bc-bec3-44c7-a89d-3900ea872596,4,2026-05-01 20:08:40.282000
d2a1803c-8a2d-4437-a3cc-9fd2204ffc0d,6d962852-2429-4fad-9cc0-64ab5c20e147,30276874-c317-4a5f-b439-cd5b426bfce6,5,2026-05-01 20:08:40.282000
3917457e-30b3-47e4-b3dc-d95d87914722,79ed4449-8431-4ce8-991c-42543788eb03,2e53a072-41f1-48e8-a379-9b8885fcdbcb,0,2026-05-01 21:22:50.254000
3f73e63c-1367-49d2-b642-44e270f503b2,79ed4449-8431-4ce8-991c-42543788eb03,eb940700-5ee2-48d4-b3b0-92b2c69bbbc3,1,2026-05-01 21:22:50.254000
7cacee4d-511f-44aa-95f5-ff5b838443f3,79ed4449-8431-4ce8-991c-42543788eb03,0b1dfee9-fda0-4832-ad45-819cecc9ca2a,2,2026-05-01 21:22:50.254000
90195c39-35b4-4695-b2a6-95af5dd8d52c,79ed4449-8431-4ce8-991c-42543788eb03,6f238d25-d034-46b0-ab68-51d9226aca7a,3,2026-05-01 21:22:50.254000
df2c3d8f-6941-4d4a-9797-facdc8db3a80,79ed4449-8431-4ce8-991c-42543788eb03,f12004bc-bec3-44c7-a89d-3900ea872596,4,2026-05-01 21:22:50.254000
e80661f1-52b1-4edf-9289-4f2801c5e2e6,79ed4449-8431-4ce8-991c-42543788eb03,30276874-c317-4a5f-b439-cd5b426bfce6,5,2026-05-01 21:22:50.254000
11def473-6b15-4ddb-8c6d-3979a2489078,ca736726-2cf8-4f67-9988-0c9166194632,eb940700-5ee2-48d4-b3b0-92b2c69bbbc3,0,2026-05-01 21:23:03.210000
110b6089-dae8-45e5-806d-f79fb16d2e71,ca736726-2cf8-4f67-9988-0c9166194632,2e53a072-41f1-48e8-a379-9b8885fcdbcb,1,2026-05-01 21:23:03.210000
865dc009-9858-4b62-8271-9968f8b054e4,ca736726-2cf8-4f67-9988-0c9166194632,0b1dfee9-fda0-4832-ad45-819cecc9ca2a,2,2026-05-01 21:23:03.210000
152a7604-6457-4ca8-bee4-cf7a568a2295,ca736726-2cf8-4f67-9988-0c9166194632,6f238d25-d034-46b0-ab68-51d9226aca7a,3,2026-05-01 21:23:03.210000
f8ade05f-a89a-4cf2-91db-2e05075a596b,ca736726-2cf8-4f67-9988-0c9166194632,f12004bc-bec3-44c7-a89d-3900ea872596,4,2026-05-01 21:23:03.210000
c27572ba-d1c8-4008-b04a-d8232fafeeb4,ca736726-2cf8-4f67-9988-0c9166194632,30276874-c317-4a5f-b439-cd5b426bfce6,5,2026-05-01 21:23:03.210000
43d9047b-ddb1-4408-9edd-ad6deee4aca1,e0b2b5fa-21cf-470f-b1f6-fd861998b3cd,9f113820-e9f2-4eb4-86fb-f67600e3928f,0,2026-05-02 08:52:32.892000
eb70d531-3fd2-4a50-a0e8-f3274a06840f,948ec685-3285-4bd0-88e5-0de9ff29be5b,9f113820-e9f2-4eb4-86fb-f67600e3928f,0,2026-05-02 08:58:57.162000
6895413a-8fa5-41f6-b571-8063272573b5,948ec685-3285-4bd0-88e5-0de9ff29be5b,6275e793-8b0e-4c10-a579-0d46ea8efae6,1,2026-05-02 08:58:57.162000
91ad804d-5aa5-4c72-8fe9-d7d496ff6f92,3d9e468c-daec-4d9b-a51f-66c9ecc93849,9f113820-e9f2-4eb4-86fb-f67600e3928f,0,2026-05-02 09:00:18.307000
afc7ed05-fc4f-4b50-aa1a-cbe2085a93ca,3d9e468c-daec-4d9b-a51f-66c9ecc93849,6275e793-8b0e-4c10-a579-0d46ea8efae6,1,2026-05-02 09:00:18.307000
dd616205-73b4-4f26-b35c-eed2c1f23f97,3d9e468c-daec-4d9b-a51f-66c9ecc93849,b93835f9-3981-4447-bcf5-fc2e5229767e,2,2026-05-02 09:00:18.307000
53e0bcd0-04a8-4cba-a1f6-c7c75beec278,4df094fe-29cf-423c-bee9-3c76d5b4b55b,eb940700-5ee2-48d4-b3b0-92b2c69bbbc3,0,2026-05-02 09:02:02.749000
f85e13ad-1ffc-4247-964e-d0694bef251a,4df094fe-29cf-423c-bee9-3c76d5b4b55b,2e53a072-41f1-48e8-a379-9b8885fcdbcb,1,2026-05-02 09:02:02.749000
9a8bbfd9-639d-4d6a-936e-aeacfd9112ab,4df094fe-29cf-423c-bee9-3c76d5b4b55b,0b1dfee9-fda0-4832-ad45-819cecc9ca2a,2,2026-05-02 09:02:02.749000
fe1ecc1b-bd22-4896-aa55-f984175aca61,4df094fe-29cf-423c-bee9-3c76d5b4b55b,6f238d25-d034-46b0-ab68-51d9226aca7a,3,2026-05-02 09:02:02.749000
19dccc77-37a2-42f5-af37-e962fcf91e3d,4df094fe-29cf-423c-bee9-3c76d5b4b55b,f12004bc-bec3-44c7-a89d-3900ea872596,4,2026-05-02 09:02:02.749000
175cc839-072f-4f68-8e96-71a49bcf7b85,4df094fe-29cf-423c-bee9-3c76d5b4b55b,30276874-c317-4a5f-b439-cd5b426bfce6,5,2026-05-02 09:02:02.749000
cddc1cc7-381a-4fa8-9fe2-37156fde2610,ad119176-73ac-40b1-8560-da15eb302a7d,9ca6ed0b-297b-4f55-8e9f-855f2251a3b5,0,2026-05-02 09:07:49.673000
d028ebbc-59b7-4549-b01a-6c4268a0f285,56134e87-55d7-495f-b454-536f56725e9c,7ef2d75b-01d5-4e0d-875b-fbd12e610019,0,2026-05-04 19:39:14.737000
0f770ced-5ee4-47fe-b69f-fd3d44f178fd,78fcf7a8-48a9-4c83-a822-9eed6ae0f333,eb940700-5ee2-48d4-b3b0-92b2c69bbbc3,0,2026-05-04 19:39:28.916000
bd1380a1-6bd8-4a31-8273-2a1fd2af4f11,78fcf7a8-48a9-4c83-a822-9eed6ae0f333,2e53a072-41f1-48e8-a379-9b8885fcdbcb,1,2026-05-04 19:39:28.916000
35338792-7ddf-47de-a84f-8a512570e0a2,78fcf7a8-48a9-4c83-a822-9eed6ae0f333,0b1dfee9-fda0-4832-ad45-819cecc9ca2a,2,2026-05-04 19:39:28.916000
6a48801c-4ea1-4fa1-911e-8d13723ff868,78fcf7a8-48a9-4c83-a822-9eed6ae0f333,6f238d25-d034-46b0-ab68-51d9226aca7a,3,2026-05-04 19:39:28.916000
e8901d32-2d7e-4292-8437-7d1dd65db85d,78fcf7a8-48a9-4c83-a822-9eed6ae0f333,f12004bc-bec3-44c7-a89d-3900ea872596,4,2026-05-04 19:39:28.916000
165fa6a3-b5de-4580-bf8f-a557591a2400,78fcf7a8-48a9-4c83-a822-9eed6ae0f333,30276874-c317-4a5f-b439-cd5b426bfce6,5,2026-05-04 19:39:28.916000
2dbd0303-1362-48b9-a684-0375c4bd5bc3,78fcf7a8-48a9-4c83-a822-9eed6ae0f333,3268c51a-9456-40e4-bfce-c9550f58347e,6,2026-05-04 19:39:28.916000
37db6d51-24bd-4406-9905-eba506b4ce6e,c773affb-ba5c-45c8-87f3-db3bff4b34f4,3268c51a-9456-40e4-bfce-c9550f58347e,0,2026-05-04 19:39:37.392000
632055e7-ef86-4ad9-a010-0be0ff1ecf53,c773affb-ba5c-45c8-87f3-db3bff4b34f4,eb940700-5ee2-48d4-b3b0-92b2c69bbbc3,1,2026-05-04 19:39:37.392000
49378100-4c27-48ad-8d0d-94b0657ef4c1,c773affb-ba5c-45c8-87f3-db3bff4b34f4,2e53a072-41f1-48e8-a379-9b8885fcdbcb,2,2026-05-04 19:39:37.392000
9ed947c3-4d58-467f-b054-6678dc2e7e1f,c773affb-ba5c-45c8-87f3-db3bff4b34f4,0b1dfee9-fda0-4832-ad45-819cecc9ca2a,3,2026-05-04 19:39:37.392000
54d7a7e0-716c-412d-9e0d-63c87ecf37d2,c773affb-ba5c-45c8-87f3-db3bff4b34f4,6f238d25-d034-46b0-ab68-51d9226aca7a,4,2026-05-04 19:39:37.392000
b89f2319-4f54-47c3-b761-6e76c5b14dbf,c773affb-ba5c-45c8-87f3-db3bff4b34f4,f12004bc-bec3-44c7-a89d-3900ea872596,5,2026-05-04 19:39:37.392000
f20139d8-f553-4b22-9de5-0f8a3a69581a,c773affb-ba5c-45c8-87f3-db3bff4b34f4,30276874-c317-4a5f-b439-cd5b426bfce6,6,2026-05-04 19:39:37.392000
f91d3f5d-4980-4dcd-93aa-74d357cd5bd4,f638b801-b488-4fe4-a037-1d83559c7604,7ef2d75b-01d5-4e0d-875b-fbd12e610019,0,2026-05-04 19:44:10.118000
6e22de6d-f356-4fec-81db-9ba6081c6c2e,f638b801-b488-4fe4-a037-1d83559c7604,5d4a3d23-043f-4df2-8758-244dcca97935,1,2026-05-04 19:44:10.118000
954d5580-a953-43a9-b645-60c1f75982df,8022cba3-b76a-47f7-b107-63480346516d,5d4a3d23-043f-4df2-8758-244dcca97935,0,2026-05-04 19:44:16.212000
1b1a9df0-7775-4d91-b3cc-e82312c0ce16,8022cba3-b76a-47f7-b107-63480346516d,7ef2d75b-01d5-4e0d-875b-fbd12e610019,1,2026-05-04 19:44:16.212000
1221f585-5bc3-479b-8516-7db80823ca88,1010ad54-52be-45e3-b008-7d6ed6af7738,33fb9132-163e-4ab6-912c-d5e7b7480da0,0,2026-05-04 19:44:26.374000
586bfecb-0ee5-440b-9b40-e853d103c5b7,87016b58-d513-4850-9a18-8ea4bc59d6ff,5d4a3d23-043f-4df2-8758-244dcca97935,0,2026-05-04 19:48:37.938000
ae407367-2cfa-4da3-8b34-ae987aeebabc,87016b58-d513-4850-9a18-8ea4bc59d6ff,7ef2d75b-01d5-4e0d-875b-fbd12e610019,1,2026-05-04 19:48:37.938000
7f11353a-ec7f-4f13-97ba-fc1608903ec4,87016b58-d513-4850-9a18-8ea4bc59d6ff,a1329300-73f6-40d6-9fb5-cfa5460a4647,2,2026-05-04 19:48:37.938000
97b73437-8ed8-454b-97ad-afd7fdccc913,c96ef58a-ea93-4b0a-a000-f185b6f5590b,a1329300-73f6-40d6-9fb5-cfa5460a4647,0,2026-05-04 19:48:44.682000
1d0f31c3-5c56-49e0-952d-c27471009865,c96ef58a-ea93-4b0a-a000-f185b6f5590b,5d4a3d23-043f-4df2-8758-244dcca97935,1,2026-05-04 19:48:44.682000
3a699edd-637f-4a06-b6e1-2e2f81f6127b,c96ef58a-ea93-4b0a-a000-f185b6f5590b,7ef2d75b-01d5-4e0d-875b-fbd12e610019,2,2026-05-04 19:48:44.682000
0d57f04b-5936-49dd-9d86-d61cd5456bb8,e5f2b4b9-7533-4a43-9f12-9aef25d1329e,95fe3a78-6153-4fce-bf38-d118275178af,0,2026-05-04 19:48:55.807000
cbcf8838-553b-4fb1-8e72-9ab770dc40ba,c5a1a458-065e-4cab-8ef2-bf3b4e971947,a1329300-73f6-40d6-9fb5-cfa5460a4647,0,2026-05-04 20:01:35.975000
4715d276-5be6-41f5-881d-035c345860bc,c5a1a458-065e-4cab-8ef2-bf3b4e971947,5d4a3d23-043f-4df2-8758-244dcca97935,1,2026-05-04 20:01:35.975000
9743ed54-bab1-41f4-b7a2-54997040836d,c5a1a458-065e-4cab-8ef2-bf3b4e971947,7ef2d75b-01d5-4e0d-875b-fbd12e610019,2,2026-05-04 20:01:35.975000
ee24afca-c217-45f5-9302-ee31d091f305,c5a1a458-065e-4cab-8ef2-bf3b4e971947,c9110552-02eb-45a2-b8e5-9d2e0ddc997a,3,2026-05-04 20:01:35.975000
0b429475-f513-4621-8aea-85eef9688421,a4842a3c-a64e-4dc3-97c6-1d5335ae29b7,c9110552-02eb-45a2-b8e5-9d2e0ddc997a,0,2026-05-04 20:01:43.112000
81ad3ea8-144a-4f0d-99f2-3576f8857658,a4842a3c-a64e-4dc3-97c6-1d5335ae29b7,a1329300-73f6-40d6-9fb5-cfa5460a4647,1,2026-05-04 20:01:43.112000
4f193931-6c82-4964-93d2-da4d33c782ac,a4842a3c-a64e-4dc3-97c6-1d5335ae29b7,5d4a3d23-043f-4df2-8758-244dcca97935,2,2026-05-04 20:01:43.112000
696ba37d-cd01-46bd-8c4e-6ec69315aa4b,a4842a3c-a64e-4dc3-97c6-1d5335ae29b7,7ef2d75b-01d5-4e0d-875b-fbd12e610019,3,2026-05-04 20:01:43.112000
8d223775-c519-4d98-8c90-625a173aa066,6e1f9883-d771-4ac6-95d4-4dfa2c0f59c1,7a0f2512-ff00-4f9a-a0d2-48360c75a885,0,2026-05-04 20:01:55.598000
29fd3288-6239-462a-b567-707fc61d211f,d9b5d181-02fc-44c8-be45-5dc3aed9044f,7ef2d75b-01d5-4e0d-875b-fbd12e610019,0,2026-05-04 20:15:57.698000
c70b1673-1523-40e9-b427-807b2268fa98,d9b5d181-02fc-44c8-be45-5dc3aed9044f,c9110552-02eb-45a2-b8e5-9d2e0ddc997a,1,2026-05-04 20:15:57.698000
38a25353-a313-44ab-a4a6-878ac14998d6,d9b5d181-02fc-44c8-be45-5dc3aed9044f,a1329300-73f6-40d6-9fb5-cfa5460a4647,2,2026-05-04 20:15:57.698000
1be2a685-6250-43c5-b0a8-9d608a35fc78,d9b5d181-02fc-44c8-be45-5dc3aed9044f,5d4a3d23-043f-4df2-8758-244dcca97935,3,2026-05-04 20:15:57.698000
2b66828f-e703-4d42-927e-afd8640e96d9,6ac3f7c8-2d10-41a3-a105-d3be0d216fec,7ef2d75b-01d5-4e0d-875b-fbd12e610019,0,2026-05-05 16:10:00.556000
f1fac714-b883-477c-94a0-f6eb3a333a2a,6ac3f7c8-2d10-41a3-a105-d3be0d216fec,c9110552-02eb-45a2-b8e5-9d2e0ddc997a,1,2026-05-05 16:10:00.556000
367be578-80f6-4aa0-86af-5580808997d3,6ac3f7c8-2d10-41a3-a105-d3be0d216fec,a1329300-73f6-40d6-9fb5-cfa5460a4647,2,2026-05-05 16:10:00.556000
75504d84-03e1-4558-a3f0-5066430358f0,6ac3f7c8-2d10-41a3-a105-d3be0d216fec,5d4a3d23-043f-4df2-8758-244dcca97935,3,2026-05-05 16:10:00.556000
ed704183-d7bb-4994-b11b-47c5c7020a72,6ac3f7c8-2d10-41a3-a105-d3be0d216fec,f8931b26-fd15-4e71-ab4e-ca6f2d7b24c1,4,2026-05-05 16:10:00.556000
f25ffc9e-6c3e-4184-a22f-47dd57ec2f4e,c2630945-98ae-449f-a2e5-d48fbc966cf0,f8931b26-fd15-4e71-ab4e-ca6f2d7b24c1,0,2026-05-05 16:10:08.162000
e802f51c-f2f7-415f-9d88-df77c24248ee,c2630945-98ae-449f-a2e5-d48fbc966cf0,7ef2d75b-01d5-4e0d-875b-fbd12e610019,1,2026-05-05 16:10:08.162000
ee91df91-fdd3-410d-86af-a5c3f65fdd90,c2630945-98ae-449f-a2e5-d48fbc966cf0,c9110552-02eb-45a2-b8e5-9d2e0ddc997a,2,2026-05-05 16:10:08.162000
6eb10f9e-eb82-448e-947c-e7433be91050,c2630945-98ae-449f-a2e5-d48fbc966cf0,a1329300-73f6-40d6-9fb5-cfa5460a4647,3,2026-05-05 16:10:08.162000
efc950fc-4683-4976-98e0-9e0371233aec,c2630945-98ae-449f-a2e5-d48fbc966cf0,5d4a3d23-043f-4df2-8758-244dcca97935,4,2026-05-05 16:10:08.162000
839efc75-76c6-4dfb-997d-effdbc084130,29019264-bfd1-4a2b-b404-3647763c213c,7a0f2512-ff00-4f9a-a0d2-48360c75a885,0,2026-05-05 16:10:20.108000
9ca31288-40e4-4b76-b622-65ee861841f5,29019264-bfd1-4a2b-b404-3647763c213c,6b836a6b-53b5-406b-aa4d-2bbedc1c1bea,1,2026-05-05 16:10:20.108000
f6ac7d8a-44e0-43f7-b5d3-0dab2a123310,0600090c-d003-4700-8816-34ad0720de38,6b836a6b-53b5-406b-aa4d-2bbedc1c1bea,0,2026-05-05 16:10:26.211000
5bc88407-5a2e-40e0-9c1d-40113aa292eb,0600090c-d003-4700-8816-34ad0720de38,7a0f2512-ff00-4f9a-a0d2-48360c75a885,1,2026-05-05 16:10:26.211000
5e9c48d0-d63c-4e47-b9cc-67381b6c7149,cd45c935-ad19-4062-95bc-9dc33c07c9a3,7ef2d75b-01d5-4e0d-875b-fbd12e610019,0,2026-05-07 21:41:48.845000
8d6d4501-8056-438f-9391-b3d4a0e3b862,cd45c935-ad19-4062-95bc-9dc33c07c9a3,c9110552-02eb-45a2-b8e5-9d2e0ddc997a,1,2026-05-07 21:41:48.845000
fbddf545-590c-400d-9294-13708ef1634f,cd45c935-ad19-4062-95bc-9dc33c07c9a3,a1329300-73f6-40d6-9fb5-cfa5460a4647,2,2026-05-07 21:41:48.845000
f69be841-e45a-4680-8c24-49a789723005,cd45c935-ad19-4062-95bc-9dc33c07c9a3,5d4a3d23-043f-4df2-8758-244dcca97935,3,2026-05-07 21:41:48.845000
10a27d44-7c1a-4c8d-9d69-29da0232196b,cd45c935-ad19-4062-95bc-9dc33c07c9a3,f8931b26-fd15-4e71-ab4e-ca6f2d7b24c1,4,2026-05-07 21:41:48.845000
609d603b-d7ec-473c-a7fe-e3eb25045281,cd45c935-ad19-4062-95bc-9dc33c07c9a3,b5a9ffec-d391-4f7d-8e37-b69a9d1bf80c,5,2026-05-07 21:41:48.845000
1969c948-a00c-4e56-9154-1a90a8dea4d6,e7652629-9983-4c2c-96c9-b0895559d481,b5a9ffec-d391-4f7d-8e37-b69a9d1bf80c,0,2026-05-07 21:41:59.212000
325e6c8c-43df-467f-9ee9-a9546503a760,e7652629-9983-4c2c-96c9-b0895559d481,7ef2d75b-01d5-4e0d-875b-fbd12e610019,1,2026-05-07 21:41:59.212000
c5b9bcd6-7861-47e5-8216-02db6692549a,e7652629-9983-4c2c-96c9-b0895559d481,c9110552-02eb-45a2-b8e5-9d2e0ddc997a,2,2026-05-07 21:41:59.212000
76438a5b-68e9-406a-9e7e-819d51e9d69b,e7652629-9983-4c2c-96c9-b0895559d481,a1329300-73f6-40d6-9fb5-cfa5460a4647,3,2026-05-07 21:41:59.212000
b7bd528b-8756-4c9e-aaf3-f038cfa4d77e,e7652629-9983-4c2c-96c9-b0895559d481,5d4a3d23-043f-4df2-8758-244dcca97935,4,2026-05-07 21:41:59.212000
6749f9c2-d23c-4e5f-9640-d3c2b07cae1b,e7652629-9983-4c2c-96c9-b0895559d481,f8931b26-fd15-4e71-ab4e-ca6f2d7b24c1,5,2026-05-07 21:41:59.212000
f92f9242-04b1-4391-88e8-ff1108dd0a66,148bde3f-868d-4668-b0cf-c497e5b7e313,95fe3a78-6153-4fce-bf38-d118275178af,0,2026-05-07 21:42:15.985000
c0567d14-aaba-4b05-ba87-491f441e5c6e,148bde3f-868d-4668-b0cf-c497e5b7e313,5557c1b5-9aab-48e0-82f2-91a3e77c2299,1,2026-05-07 21:42:15.985000
2570e395-667f-43d4-b199-6740c385917e,a73c1846-a6cb-48cb-b35f-221904490827,5557c1b5-9aab-48e0-82f2-91a3e77c2299,0,2026-05-07 21:42:24.739000
50de70c9-9f5e-403c-ac69-6a497dec75c2,a73c1846-a6cb-48cb-b35f-221904490827,95fe3a78-6153-4fce-bf38-d118275178af,1,2026-05-07 21:42:24.739000
4952cb3d-b412-4504-83ee-b47c3ced6a26,6a34e6d9-7291-411b-848a-bb7df49cdb4d,27d772e5-0a8b-401d-be0b-4829926dcbed,0,2026-05-08 14:10:36.615000
70fac640-9e74-4386-aead-5e25864f837d,67f1f574-e5c0-4c00-bbb5-f899f4b89a84,b93835f9-3981-4447-bcf5-fc2e5229767e,0,2026-05-09 14:49:07.939000
231a60fe-63ca-4a63-8883-171386373fed,67f1f574-e5c0-4c00-bbb5-f899f4b89a84,9ca6ed0b-297b-4f55-8e9f-855f2251a3b5,1,2026-05-09 14:49:07.939000
913baa5b-ff53-4b85-8776-a539f1e40692,fa90f30f-d746-4b46-9d63-ee03d5196d30,9ca6ed0b-297b-4f55-8e9f-855f2251a3b5,0,2026-05-09 15:06:30.664000
dab7d658-26b8-4e29-978e-2b0524a3987a,30df313b-da54-4746-8e87-2c877b965470,9f113820-e9f2-4eb4-86fb-f67600e3928f,0,2026-05-09 15:06:30.664000
cb33821d-35f8-4bdf-9693-de78ca4e8a7b,30df313b-da54-4746-8e87-2c877b965470,6275e793-8b0e-4c10-a579-0d46ea8efae6,1,2026-05-09 15:06:30.664000
f1948b51-bf31-45c0-a089-1654c1f42d4e,30df313b-da54-4746-8e87-2c877b965470,b93835f9-3981-4447-bcf5-fc2e5229767e,2,2026-05-09 15:06:30.664000
c4060714-8177-49c3-ba02-5f880b3fdf81,cf1a22ff-bba3-4be6-835f-e9225f98939b,6b836a6b-53b5-406b-aa4d-2bbedc1c1bea,0,2026-05-09 15:15:30.265000
d39c95fe-9482-4c24-a520-4c9222dc8d1e,cf1a22ff-bba3-4be6-835f-e9225f98939b,7a0f2512-ff00-4f9a-a0d2-48360c75a885,1,2026-05-09 15:15:30.265000
9ac37895-069f-4966-b8a7-047572e64f7f,2021f1fd-b2b3-4adc-a6ab-dd997c544b6f,3268c51a-9456-40e4-bfce-c9550f58347e,0,2026-05-09 15:17:23.718000
1d1f159f-8a28-4238-96e5-08b9f715b21e,2021f1fd-b2b3-4adc-a6ab-dd997c544b6f,eb940700-5ee2-48d4-b3b0-92b2c69bbbc3,1,2026-05-09 15:17:23.718000
c96f8fe5-dcd6-4f21-8448-bae976fb9008,2021f1fd-b2b3-4adc-a6ab-dd997c544b6f,2e53a072-41f1-48e8-a379-9b8885fcdbcb,2,2026-05-09 15:17:23.718000
5c7d3f08-a5ee-4683-8e33-c345be760c10,2021f1fd-b2b3-4adc-a6ab-dd997c544b6f,0b1dfee9-fda0-4832-ad45-819cecc9ca2a,3,2026-05-09 15:17:23.718000
a8c1446d-b9f4-486d-8bcc-b8a4790c0844,2021f1fd-b2b3-4adc-a6ab-dd997c544b6f,6f238d25-d034-46b0-ab68-51d9226aca7a,4,2026-05-09 15:17:23.718000
df5241fb-0892-441e-8045-006c65f86d81,2021f1fd-b2b3-4adc-a6ab-dd997c544b6f,f12004bc-bec3-44c7-a89d-3900ea872596,5,2026-05-09 15:17:23.718000
84a78844-7d14-4cb8-81e4-c45a9029da4d,2021f1fd-b2b3-4adc-a6ab-dd997c544b6f,30276874-c317-4a5f-b439-cd5b426bfce6,6,2026-05-09 15:17:23.718000
e9bb0753-9db9-477b-a3de-2eb5e31ca59b,dd372aa3-4720-4550-8311-98cd7b70c098,99a7e0fc-1125-443a-9f02-9a9d5573fe0c,0,2026-05-10 08:29:53.622000
890c561f-3a26-47dc-b89e-ffc86e5c0699,a0748970-cb28-4a1b-bf32-a37fefa55909,b5a9ffec-d391-4f7d-8e37-b69a9d1bf80c,0,2026-05-12 15:30:53.112000
55f9b102-7944-4f7a-a880-f1c1736a25f6,a0748970-cb28-4a1b-bf32-a37fefa55909,7ef2d75b-01d5-4e0d-875b-fbd12e610019,1,2026-05-12 15:30:53.112000
34ca4dae-c5b2-449f-a55c-6542945d5e26,a0748970-cb28-4a1b-bf32-a37fefa55909,c9110552-02eb-45a2-b8e5-9d2e0ddc997a,2,2026-05-12 15:30:53.112000
0c7d14c0-9ce1-40ae-bfb9-4833a012544a,a0748970-cb28-4a1b-bf32-a37fefa55909,a1329300-73f6-40d6-9fb5-cfa5460a4647,3,2026-05-12 15:30:53.112000
d78163c5-d49c-48f8-b705-421e6918fcb4,a0748970-cb28-4a1b-bf32-a37fefa55909,5d4a3d23-043f-4df2-8758-244dcca97935,4,2026-05-12 15:30:53.112000
1104e0ab-bc66-433e-83fd-dfb7804934f7,a0748970-cb28-4a1b-bf32-a37fefa55909,f8931b26-fd15-4e71-ab4e-ca6f2d7b24c1,5,2026-05-12 15:30:53.112000
7077b346-4ad3-4ec4-88c4-6270829ae337,a0748970-cb28-4a1b-bf32-a37fefa55909,435608bc-6840-42d2-ae46-210a9301ecc4,6,2026-05-12 15:30:53.112000
82b5a323-687f-46e2-bf70-acfe2da29e21,755fb215-e5a4-45ca-8140-c0beb7ed5257,435608bc-6840-42d2-ae46-210a9301ecc4,0,2026-05-12 15:31:04.771000
2a785e69-f633-458a-b51b-e209c1c2f025,755fb215-e5a4-45ca-8140-c0beb7ed5257,b5a9ffec-d391-4f7d-8e37-b69a9d1bf80c,1,2026-05-12 15:31:04.771000
0bad8243-21bb-4f2c-bfdb-da02b5c66daa,755fb215-e5a4-45ca-8140-c0beb7ed5257,7ef2d75b-01d5-4e0d-875b-fbd12e610019,2,2026-05-12 15:31:04.771000
c95faf47-8867-4e2e-88e0-78f177b91b98,755fb215-e5a4-45ca-8140-c0beb7ed5257,c9110552-02eb-45a2-b8e5-9d2e0ddc997a,3,2026-05-12 15:31:04.771000
d88bb592-a460-435a-b97b-2e9844d377d6,755fb215-e5a4-45ca-8140-c0beb7ed5257,a1329300-73f6-40d6-9fb5-cfa5460a4647,4,2026-05-12 15:31:04.771000
679e2713-52b9-484b-b410-1cf8f2c6e9c0,755fb215-e5a4-45ca-8140-c0beb7ed5257,5d4a3d23-043f-4df2-8758-244dcca97935,5,2026-05-12 15:31:04.771000
e95a4848-5124-4f67-9ddc-bbc5f165dc47,755fb215-e5a4-45ca-8140-c0beb7ed5257,f8931b26-fd15-4e71-ab4e-ca6f2d7b24c1,6,2026-05-12 15:31:04.771000
1157e0f9-05af-4ae8-9842-2076d09b0f44,23450eb4-ebf4-4cc4-b25c-f494b9b58f6a,33fb9132-163e-4ab6-912c-d5e7b7480da0,0,2026-05-12 15:31:23.419000
3b737d2b-a4ac-4b26-a8f1-108b3ea21c38,23450eb4-ebf4-4cc4-b25c-f494b9b58f6a,ecec1823-5875-40bb-8392-dbad276e6ce5,1,2026-05-12 15:31:23.419000
a9741c5d-a27a-43bf-ac2f-d4a5277ef3e0,6f7ea825-b008-46fb-b6ed-6aa3d84418f1,ecec1823-5875-40bb-8392-dbad276e6ce5,0,2026-05-12 15:31:33.517000
c8291d03-0ff2-4a4f-9ebe-5d768fa2c04c,6f7ea825-b008-46fb-b6ed-6aa3d84418f1,33fb9132-163e-4ab6-912c-d5e7b7480da0,1,2026-05-12 15:31:33.517000
3b07d9f1-0cac-4b97-bc6c-7b452428fd2e,eed106eb-40db-4a41-af04-5b4a25880077,435608bc-6840-42d2-ae46-210a9301ecc4,0,2026-05-12 15:33:07.346000
b84ae26a-a9e1-43ce-b24a-0b54cdb5706d,eed106eb-40db-4a41-af04-5b4a25880077,b5a9ffec-d391-4f7d-8e37-b69a9d1bf80c,1,2026-05-12 15:33:07.346000
edd22339-f0ca-4b6b-a691-7c67373a984f,eed106eb-40db-4a41-af04-5b4a25880077,7ef2d75b-01d5-4e0d-875b-fbd12e610019,2,2026-05-12 15:33:07.346000
cba58242-88d1-411b-9ec7-2a9c22044b44,eed106eb-40db-4a41-af04-5b4a25880077,c9110552-02eb-45a2-b8e5-9d2e0ddc997a,3,2026-05-12 15:33:07.346000
b1e34368-4fea-4149-aa15-6ac4296cc127,eed106eb-40db-4a41-af04-5b4a25880077,a1329300-73f6-40d6-9fb5-cfa5460a4647,4,2026-05-12 15:33:07.346000
c0b5b926-b0c1-4936-9c06-315ffcc4b53b,eed106eb-40db-4a41-af04-5b4a25880077,5d4a3d23-043f-4df2-8758-244dcca97935,5,2026-05-12 15:33:07.346000
c2beccc0-c89f-4343-a70d-5469e00b8060,eed106eb-40db-4a41-af04-5b4a25880077,f8931b26-fd15-4e71-ab4e-ca6f2d7b24c1,6,2026-05-12 15:33:07.346000
5162a24c-ecf5-4919-85af-4c03bdb6b1b7,eed106eb-40db-4a41-af04-5b4a25880077,f9262700-8cac-403b-bfd4-c832b3dc80b0,7,2026-05-12 15:33:07.346000
bc8508ab-57e6-4937-9bae-f2c2594bbf8c,2cce01ac-50e7-4082-ac18-634f0f484994,f9262700-8cac-403b-bfd4-c832b3dc80b0,0,2026-05-12 15:33:24.508000
fdbd14a9-846f-44f5-8da5-8008233b1004,2cce01ac-50e7-4082-ac18-634f0f484994,435608bc-6840-42d2-ae46-210a9301ecc4,1,2026-05-12 15:33:24.508000
dfbff788-9f2b-47f8-8ad9-083d4722f141,2cce01ac-50e7-4082-ac18-634f0f484994,b5a9ffec-d391-4f7d-8e37-b69a9d1bf80c,2,2026-05-12 15:33:24.508000
856c6e89-1e3b-4539-b8d7-44f6a7d8ec39,2cce01ac-50e7-4082-ac18-634f0f484994,7ef2d75b-01d5-4e0d-875b-fbd12e610019,3,2026-05-12 15:33:24.508000
da7759d8-257e-47c2-a9bf-351e78aa496e,2cce01ac-50e7-4082-ac18-634f0f484994,c9110552-02eb-45a2-b8e5-9d2e0ddc997a,4,2026-05-12 15:33:24.508000
f4767214-bf75-440f-ab92-69669a8ec2de,2cce01ac-50e7-4082-ac18-634f0f484994,a1329300-73f6-40d6-9fb5-cfa5460a4647,5,2026-05-12 15:33:24.508000
9f5a626a-f947-49fc-8184-8f4b7f0c58bf,2cce01ac-50e7-4082-ac18-634f0f484994,5d4a3d23-043f-4df2-8758-244dcca97935,6,2026-05-12 15:33:24.508000
6d0af836-b4bd-4398-b2f0-00962174d525,2cce01ac-50e7-4082-ac18-634f0f484994,f8931b26-fd15-4e71-ab4e-ca6f2d7b24c1,7,2026-05-12 15:33:24.508000
cdbbc1db-ced7-4d80-b5a5-ff8bb3aa6294,2f02fb0e-0efa-4a80-9f25-e058f566e837,3268c51a-9456-40e4-bfce-c9550f58347e,0,2026-05-12 15:33:49.006000
ef58da27-53e7-4e61-9a2f-c3117a0706c2,2f02fb0e-0efa-4a80-9f25-e058f566e837,eb940700-5ee2-48d4-b3b0-92b2c69bbbc3,1,2026-05-12 15:33:49.006000
9cd7596e-7a8a-4bc8-b392-19350682cd2b,2f02fb0e-0efa-4a80-9f25-e058f566e837,2e53a072-41f1-48e8-a379-9b8885fcdbcb,2,2026-05-12 15:33:49.006000
44ae055b-72b2-49de-a421-7b3aee89e675,2f02fb0e-0efa-4a80-9f25-e058f566e837,0b1dfee9-fda0-4832-ad45-819cecc9ca2a,3,2026-05-12 15:33:49.006000
45395b58-4a1c-4b24-9a9e-9ddf6af777c2,2f02fb0e-0efa-4a80-9f25-e058f566e837,6f238d25-d034-46b0-ab68-51d9226aca7a,4,2026-05-12 15:33:49.006000
61a98691-0c30-4b74-a855-b7b5308c03ec,2f02fb0e-0efa-4a80-9f25-e058f566e837,f12004bc-bec3-44c7-a89d-3900ea872596,5,2026-05-12 15:33:49.006000
cb56e38b-f0e9-43c0-a3f9-3d6c6407e9d9,2f02fb0e-0efa-4a80-9f25-e058f566e837,30276874-c317-4a5f-b439-cd5b426bfce6,6,2026-05-12 15:33:49.006000
72ff77cc-892b-4b41-9c90-89b175eba5d2,2f02fb0e-0efa-4a80-9f25-e058f566e837,fc847328-45d5-4042-953d-e3f6c7cd5505,7,2026-05-12 15:33:49.006000
a9ab7a08-3c72-401f-a56c-ac610cc22159,b3fa05e9-d59c-4053-9c3f-5224d7976e42,fc847328-45d5-4042-953d-e3f6c7cd5505,0,2026-05-12 15:34:03.421000
360ee49f-2405-4cc7-895c-2ac7a4233813,b3fa05e9-d59c-4053-9c3f-5224d7976e42,3268c51a-9456-40e4-bfce-c9550f58347e,1,2026-05-12 15:34:03.421000
22983e56-90dd-43c2-b554-b8712beaab07,b3fa05e9-d59c-4053-9c3f-5224d7976e42,eb940700-5ee2-48d4-b3b0-92b2c69bbbc3,2,2026-05-12 15:34:03.421000
0cf00c7b-85c2-4b9e-b72c-1d601ece22a1,b3fa05e9-d59c-4053-9c3f-5224d7976e42,2e53a072-41f1-48e8-a379-9b8885fcdbcb,3,2026-05-12 15:34:03.421000
1676d8f5-5f6f-4f84-ae2d-4aaf0fd25fed,b3fa05e9-d59c-4053-9c3f-5224d7976e42,0b1dfee9-fda0-4832-ad45-819cecc9ca2a,4,2026-05-12 15:34:03.421000
c404dabb-fe92-4f0e-baba-8fe91f94af54,b3fa05e9-d59c-4053-9c3f-5224d7976e42,6f238d25-d034-46b0-ab68-51d9226aca7a,5,2026-05-12 15:34:03.421000
f0f81e08-0ebb-4a05-875d-ba0acea465d1,b3fa05e9-d59c-4053-9c3f-5224d7976e42,f12004bc-bec3-44c7-a89d-3900ea872596,6,2026-05-12 15:34:03.421000
7cf442ff-93cd-457d-8d8b-4b5cbad395a1,b3fa05e9-d59c-4053-9c3f-5224d7976e42,30276874-c317-4a5f-b439-cd5b426bfce6,7,2026-05-12 15:34:03.421000
e5511f8f-2857-4545-a392-e152cc3e7c58,a6a80469-e167-4676-9152-4acf8b5099a2,f9262700-8cac-403b-bfd4-c832b3dc80b0,0,2026-05-12 15:34:59.106000
0b49027f-64b9-40f4-99a8-aa4896a58112,a6a80469-e167-4676-9152-4acf8b5099a2,435608bc-6840-42d2-ae46-210a9301ecc4,1,2026-05-12 15:34:59.106000
0866c35d-1e15-48b8-bb12-1a36f5f8329b,a6a80469-e167-4676-9152-4acf8b5099a2,b5a9ffec-d391-4f7d-8e37-b69a9d1bf80c,2,2026-05-12 15:34:59.106000
73f2e7c1-b3ad-4ee0-a212-29f5aa2aa12f,a6a80469-e167-4676-9152-4acf8b5099a2,7ef2d75b-01d5-4e0d-875b-fbd12e610019,3,2026-05-12 15:34:59.106000
d9d6f719-fa6f-4954-a542-084292c3028d,a6a80469-e167-4676-9152-4acf8b5099a2,c9110552-02eb-45a2-b8e5-9d2e0ddc997a,4,2026-05-12 15:34:59.106000
4eb62a44-6d79-4ce6-89a8-d75d2560444c,a6a80469-e167-4676-9152-4acf8b5099a2,a1329300-73f6-40d6-9fb5-cfa5460a4647,5,2026-05-12 15:34:59.106000
5bfb4859-c41d-47df-b855-f9bb0d1b57b0,a6a80469-e167-4676-9152-4acf8b5099a2,5d4a3d23-043f-4df2-8758-244dcca97935,6,2026-05-12 15:34:59.106000
d54678d2-071d-4b8e-b17b-b9100ca7f2c0,a6a80469-e167-4676-9152-4acf8b5099a2,f8931b26-fd15-4e71-ab4e-ca6f2d7b24c1,7,2026-05-12 15:34:59.106000
f3fad35b-5c67-4c54-8023-181a14892705,a6a80469-e167-4676-9152-4acf8b5099a2,ef6db151-71b9-40f6-8b1d-d46d153de3fa,8,2026-05-12 15:34:59.106000
29468d68-5705-4c5b-9244-1667b61fcac2,3a5ed8ff-36c7-4af6-a3b1-67d3d8d13359,6b836a6b-53b5-406b-aa4d-2bbedc1c1bea,0,2026-05-12 17:00:18.323000
47b88642-b5f9-41c3-8064-63f5d8b85011,3a5ed8ff-36c7-4af6-a3b1-67d3d8d13359,7a0f2512-ff00-4f9a-a0d2-48360c75a885,1,2026-05-12 17:00:18.323000
049209ef-4e0c-4764-8d89-9a244b9ec6a4,3a5ed8ff-36c7-4af6-a3b1-67d3d8d13359,3df9c114-fea6-40bf-baed-418cffe3a501,2,2026-05-12 17:00:18.323000
390108fb-8dbe-4d93-94a3-87f8e4a8d4a9,ed95bcc6-9ba6-4ace-bad2-ec8d04061d56,3df9c114-fea6-40bf-baed-418cffe3a501,0,2026-05-12 17:00:25.172000
5c4d4d5b-14f5-4f7e-b950-9c34135001ae,ed95bcc6-9ba6-4ace-bad2-ec8d04061d56,6b836a6b-53b5-406b-aa4d-2bbedc1c1bea,1,2026-05-12 17:00:25.172000
83f2cd02-d477-495a-875e-bf5241a67cab,ed95bcc6-9ba6-4ace-bad2-ec8d04061d56,7a0f2512-ff00-4f9a-a0d2-48360c75a885,2,2026-05-12 17:00:25.172000
83306a2d-23c4-46f8-9141-e40d9eefae06,8ce9e6f8-1405-4fcd-95c2-cf13486ff647,f9262700-8cac-403b-bfd4-c832b3dc80b0,0,2026-05-14 19:56:30.591000
7f6cdbcd-09d6-46ca-b880-e375c189a044,8ce9e6f8-1405-4fcd-95c2-cf13486ff647,435608bc-6840-42d2-ae46-210a9301ecc4,1,2026-05-14 19:56:30.591000
3df8c5fc-f73d-40a6-8745-409b6c24f621,8ce9e6f8-1405-4fcd-95c2-cf13486ff647,b5a9ffec-d391-4f7d-8e37-b69a9d1bf80c,2,2026-05-14 19:56:30.591000
0ad484ab-119c-4080-80cc-8ab3cf790974,8ce9e6f8-1405-4fcd-95c2-cf13486ff647,7ef2d75b-01d5-4e0d-875b-fbd12e610019,3,2026-05-14 19:56:30.591000
d71c249e-f3aa-4a28-8d2a-b88c1bf24723,8ce9e6f8-1405-4fcd-95c2-cf13486ff647,c9110552-02eb-45a2-b8e5-9d2e0ddc997a,4,2026-05-14 19:56:30.591000
5b1a357c-145b-43d0-873c-f8292e344041,8ce9e6f8-1405-4fcd-95c2-cf13486ff647,a1329300-73f6-40d6-9fb5-cfa5460a4647,5,2026-05-14 19:56:30.591000
f38d56d8-ceeb-4085-9b9b-22e184280db5,8ce9e6f8-1405-4fcd-95c2-cf13486ff647,5d4a3d23-043f-4df2-8758-244dcca97935,6,2026-05-14 19:56:30.591000
36ff6ac9-bc4c-40a3-a86d-dde93755f728,8ce9e6f8-1405-4fcd-95c2-cf13486ff647,f8931b26-fd15-4e71-ab4e-ca6f2d7b24c1,7,2026-05-14 19:56:30.591000
4f3ee502-cd0c-4684-8335-c8d8c5a955e1,8ce9e6f8-1405-4fcd-95c2-cf13486ff647,ef6db151-71b9-40f6-8b1d-d46d153de3fa,8,2026-05-14 19:56:30.591000
8a3e0a13-52c5-4f56-9829-f6fc071f1fa5,8ce9e6f8-1405-4fcd-95c2-cf13486ff647,6e5406ce-6dfa-4d04-96e7-75726a52c37f,9,2026-05-14 19:56:30.591000
d6841769-8947-4f6d-9461-453db5074636,0f9d56f9-69c0-4ac7-a43d-07a2e5395793,6e5406ce-6dfa-4d04-96e7-75726a52c37f,0,2026-05-14 19:56:44.064000
c0be6af8-6ec8-4483-b959-82bf2c32dc52,0f9d56f9-69c0-4ac7-a43d-07a2e5395793,f9262700-8cac-403b-bfd4-c832b3dc80b0,1,2026-05-14 19:56:44.064000
03754982-2786-46df-b9c0-45dada7b9f59,0f9d56f9-69c0-4ac7-a43d-07a2e5395793,435608bc-6840-42d2-ae46-210a9301ecc4,2,2026-05-14 19:56:44.064000
a9e64aab-37c1-4b67-8aa7-24026b0d9327,0f9d56f9-69c0-4ac7-a43d-07a2e5395793,b5a9ffec-d391-4f7d-8e37-b69a9d1bf80c,3,2026-05-14 19:56:44.064000
26a797af-6029-4d05-885b-94d655568400,0f9d56f9-69c0-4ac7-a43d-07a2e5395793,7ef2d75b-01d5-4e0d-875b-fbd12e610019,4,2026-05-14 19:56:44.064000
6f4c1fd6-8b74-4ce9-b538-47779f4e7763,0f9d56f9-69c0-4ac7-a43d-07a2e5395793,c9110552-02eb-45a2-b8e5-9d2e0ddc997a,5,2026-05-14 19:56:44.064000
044c5e49-3b45-4b6d-9ec6-a68345e38c43,0f9d56f9-69c0-4ac7-a43d-07a2e5395793,a1329300-73f6-40d6-9fb5-cfa5460a4647,6,2026-05-14 19:56:44.064000
9697fcec-a043-4a22-85c3-65e439d3c592,0f9d56f9-69c0-4ac7-a43d-07a2e5395793,5d4a3d23-043f-4df2-8758-244dcca97935,7,2026-05-14 19:56:44.064000
43f742c1-f6b5-43db-9c40-4c4dab11b23b,0f9d56f9-69c0-4ac7-a43d-07a2e5395793,f8931b26-fd15-4e71-ab4e-ca6f2d7b24c1,8,2026-05-14 19:56:44.064000
6a2988bd-a5db-446b-8836-6c82fc935f90,0f9d56f9-69c0-4ac7-a43d-07a2e5395793,ef6db151-71b9-40f6-8b1d-d46d153de3fa,9,2026-05-14 19:56:44.064000
2fd0a933-ec17-47d5-90e8-942bf2f008fe,4c12e462-7cb0-412a-a19b-158fd8696cb0,5557c1b5-9aab-48e0-82f2-91a3e77c2299,0,2026-05-14 19:57:06.512000
f1070fa0-7fc1-4b9f-b647-ca68193676cd,4c12e462-7cb0-412a-a19b-158fd8696cb0,95fe3a78-6153-4fce-bf38-d118275178af,1,2026-05-14 19:57:06.512000
fca8037b-9c22-4daf-b850-395a8fc3941e,4c12e462-7cb0-412a-a19b-158fd8696cb0,9b8b1722-edac-4057-91d1-1a675666cb8e,2,2026-05-14 19:57:06.512000
7da99083-7b62-42d0-9896-b29cd46fa70b,7d422f06-987d-4625-acdd-58a24d42bbba,9b8b1722-edac-4057-91d1-1a675666cb8e,0,2026-05-14 19:57:17.204000
2d15f4f9-9de4-407b-9132-efa2e5236a2a,7d422f06-987d-4625-acdd-58a24d42bbba,5557c1b5-9aab-48e0-82f2-91a3e77c2299,1,2026-05-14 19:57:17.204000
5d8e3176-55f5-4872-8334-11320fa61a12,7d422f06-987d-4625-acdd-58a24d42bbba,95fe3a78-6153-4fce-bf38-d118275178af,2,2026-05-14 19:57:17.204000
b06a6e11-db77-4e43-b35c-3de2c660f0db,e14fea10-c910-426b-8dae-05cb5981bbb7,99a7e0fc-1125-443a-9f02-9a9d5573fe0c,0,2026-05-18 22:02:35.625000
2e125777-ef7c-4918-8fdc-e0555da6e076,e14fea10-c910-426b-8dae-05cb5981bbb7,36f08cba-6f7d-4c2d-9d9d-d06c42171dbf,1,2026-05-18 22:02:35.625000
542b0f96-3b9e-4624-bbed-5b1f7540b294,03016c6a-d48d-4cf8-9f0c-b06f5a6f16ed,6e5406ce-6dfa-4d04-96e7-75726a52c37f,0,2026-05-19 05:04:11.723000
40ea9d11-9cd1-4fe5-9b63-2ca71970426c,03016c6a-d48d-4cf8-9f0c-b06f5a6f16ed,f9262700-8cac-403b-bfd4-c832b3dc80b0,1,2026-05-19 05:04:11.723000
f6386091-a11c-482a-9281-e330c0e5accf,03016c6a-d48d-4cf8-9f0c-b06f5a6f16ed,435608bc-6840-42d2-ae46-210a9301ecc4,2,2026-05-19 05:04:11.723000
4c93c5b8-793e-4e50-a8de-42bd7752c90b,03016c6a-d48d-4cf8-9f0c-b06f5a6f16ed,b5a9ffec-d391-4f7d-8e37-b69a9d1bf80c,3,2026-05-19 05:04:11.723000
383450c5-cab3-4b40-8870-f07895e51dbe,03016c6a-d48d-4cf8-9f0c-b06f5a6f16ed,7ef2d75b-01d5-4e0d-875b-fbd12e610019,4,2026-05-19 05:04:11.723000
53b91a5b-9dfa-4f4f-8334-9c486ec557f8,03016c6a-d48d-4cf8-9f0c-b06f5a6f16ed,c9110552-02eb-45a2-b8e5-9d2e0ddc997a,5,2026-05-19 05:04:11.723000
562bce43-0ad8-432d-8cb8-1ee22eed10d6,03016c6a-d48d-4cf8-9f0c-b06f5a6f16ed,a1329300-73f6-40d6-9fb5-cfa5460a4647,6,2026-05-19 05:04:11.723000
52024a46-e6de-450f-b719-48ade8ac9542,03016c6a-d48d-4cf8-9f0c-b06f5a6f16ed,5d4a3d23-043f-4df2-8758-244dcca97935,7,2026-05-19 05:04:11.723000
1f53254e-480c-4e65-8c45-2591332cc17e,03016c6a-d48d-4cf8-9f0c-b06f5a6f16ed,f8931b26-fd15-4e71-ab4e-ca6f2d7b24c1,8,2026-05-19 05:04:11.723000
708d380c-06f6-49ec-99d3-00761a941e95,03016c6a-d48d-4cf8-9f0c-b06f5a6f16ed,ef6db151-71b9-40f6-8b1d-d46d153de3fa,9,2026-05-19 05:04:11.723000
a67ba748-c5a2-42f0-acf8-6df1a75a4b67,03016c6a-d48d-4cf8-9f0c-b06f5a6f16ed,94b28c87-4eb6-46da-aaf0-e3c7dbe0a2a6,10,2026-05-19 05:04:11.723000
19aec89c-d1c1-4530-8d86-d355ab9745e1,4c3d3174-76b0-4dd1-b346-15291c904ff5,94b28c87-4eb6-46da-aaf0-e3c7dbe0a2a6,0,2026-05-19 05:04:24.837000
c7315d91-e80f-4d83-b5b5-3860dfb75243,4c3d3174-76b0-4dd1-b346-15291c904ff5,6e5406ce-6dfa-4d04-96e7-75726a52c37f,1,2026-05-19 05:04:24.837000
4e68cbda-77e9-4b7e-b77e-c9cd36c0efae,4c3d3174-76b0-4dd1-b346-15291c904ff5,f9262700-8cac-403b-bfd4-c832b3dc80b0,2,2026-05-19 05:04:24.837000
762545be-c77e-4183-b186-848736f3dfdc,4c3d3174-76b0-4dd1-b346-15291c904ff5,435608bc-6840-42d2-ae46-210a9301ecc4,3,2026-05-19 05:04:24.837000
b0fd608e-eb0f-4512-b3dc-cdbdb5f30283,4c3d3174-76b0-4dd1-b346-15291c904ff5,b5a9ffec-d391-4f7d-8e37-b69a9d1bf80c,4,2026-05-19 05:04:24.837000
a3072900-51c8-4287-9cc1-a46f3abc6792,4c3d3174-76b0-4dd1-b346-15291c904ff5,7ef2d75b-01d5-4e0d-875b-fbd12e610019,5,2026-05-19 05:04:24.837000
ea81e58a-4859-4144-8b5e-73e9c8478dae,4c3d3174-76b0-4dd1-b346-15291c904ff5,c9110552-02eb-45a2-b8e5-9d2e0ddc997a,6,2026-05-19 05:04:24.837000
a23c5690-159c-4c5a-b540-037836a6fb3a,4c3d3174-76b0-4dd1-b346-15291c904ff5,a1329300-73f6-40d6-9fb5-cfa5460a4647,7,2026-05-19 05:04:24.837000
7c008900-93bf-4205-9c94-4824654fd4a5,4c3d3174-76b0-4dd1-b346-15291c904ff5,5d4a3d23-043f-4df2-8758-244dcca97935,8,2026-05-19 05:04:24.837000
560ab51c-8973-4353-882a-b638493489ac,4c3d3174-76b0-4dd1-b346-15291c904ff5,f8931b26-fd15-4e71-ab4e-ca6f2d7b24c1,9,2026-05-19 05:04:24.837000
b8ea4e5c-ab16-471f-a2e8-a8993c55fe38,4c3d3174-76b0-4dd1-b346-15291c904ff5,ef6db151-71b9-40f6-8b1d-d46d153de3fa,10,2026-05-19 05:04:24.837000
8c5ef83a-eca4-4079-a7d5-90ec3747493c,702679ab-27ea-4f58-9b17-eb0a035e6c49,ecec1823-5875-40bb-8392-dbad276e6ce5,0,2026-05-19 05:04:46.229000
0d87bb05-06a1-4b60-91f0-fa67de306f51,702679ab-27ea-4f58-9b17-eb0a035e6c49,33fb9132-163e-4ab6-912c-d5e7b7480da0,1,2026-05-19 05:04:46.229000
6585887d-4eed-41c8-8da8-f57186aff7a5,702679ab-27ea-4f58-9b17-eb0a035e6c49,24eabb4e-9972-4498-af76-560c9a451664,2,2026-05-19 05:04:46.229000
0415b859-514f-411f-8634-699b956da303,10cc0858-ed06-4bfc-9342-2c315bcf8432,24eabb4e-9972-4498-af76-560c9a451664,0,2026-05-19 05:04:56.807000
d5eda109-338c-41ec-8b58-0527c8a0d7a6,10cc0858-ed06-4bfc-9342-2c315bcf8432,ecec1823-5875-40bb-8392-dbad276e6ce5,1,2026-05-19 05:04:56.807000
db7fc13c-d810-4811-8b90-3abb64e84d1a,10cc0858-ed06-4bfc-9342-2c315bcf8432,33fb9132-163e-4ab6-912c-d5e7b7480da0,2,2026-05-19 05:04:56.807000
37308a1c-3805-46ef-adba-bd44d6792850,05a305ac-1172-48ea-974a-d38cc6395e57,94b28c87-4eb6-46da-aaf0-e3c7dbe0a2a6,0,2026-05-19 05:14:13.258000
c11da2ea-cf35-4fe3-a705-5d36b8d8c6bb,05a305ac-1172-48ea-974a-d38cc6395e57,6e5406ce-6dfa-4d04-96e7-75726a52c37f,1,2026-05-19 05:14:13.258000
ed585db3-57f1-4b1b-bfc8-6c41462e01b7,05a305ac-1172-48ea-974a-d38cc6395e57,f9262700-8cac-403b-bfd4-c832b3dc80b0,2,2026-05-19 05:14:13.258000
ae573106-6d43-469d-9df9-0eafc35fb94f,05a305ac-1172-48ea-974a-d38cc6395e57,435608bc-6840-42d2-ae46-210a9301ecc4,3,2026-05-19 05:14:13.258000
9cf0c1f7-7ba4-42aa-ad09-4e5efef76b02,05a305ac-1172-48ea-974a-d38cc6395e57,b5a9ffec-d391-4f7d-8e37-b69a9d1bf80c,4,2026-05-19 05:14:13.258000
e9dc3157-30b4-4b10-9227-05348c18c07d,05a305ac-1172-48ea-974a-d38cc6395e57,7ef2d75b-01d5-4e0d-875b-fbd12e610019,5,2026-05-19 05:14:13.258000
84b70963-f45d-46d5-9029-e8eb93146d39,05a305ac-1172-48ea-974a-d38cc6395e57,c9110552-02eb-45a2-b8e5-9d2e0ddc997a,6,2026-05-19 05:14:13.258000
6ba64422-9cdc-42f4-9a02-ac4e565fbaab,05a305ac-1172-48ea-974a-d38cc6395e57,a1329300-73f6-40d6-9fb5-cfa5460a4647,7,2026-05-19 05:14:13.258000
f357e3be-5021-45b4-b77a-815dcfc52bfb,05a305ac-1172-48ea-974a-d38cc6395e57,5d4a3d23-043f-4df2-8758-244dcca97935,8,2026-05-19 05:14:13.258000
5fbfaf6c-8601-488f-9302-6e14a2595484,05a305ac-1172-48ea-974a-d38cc6395e57,f8931b26-fd15-4e71-ab4e-ca6f2d7b24c1,9,2026-05-19 05:14:13.258000
c2cb7de0-dd2c-40fc-89d1-99f69cc965c1,05a305ac-1172-48ea-974a-d38cc6395e57,ef6db151-71b9-40f6-8b1d-d46d153de3fa,10,2026-05-19 05:14:13.258000
9ead209b-5e18-4d1d-a270-b4e47a396bd2,05a305ac-1172-48ea-974a-d38cc6395e57,1e4576e3-e074-4c6e-a150-2185272e8ea3,11,2026-05-19 05:14:13.258000
8022d75c-2c71-48e9-be04-59784fa91feb,8ddc04b1-b994-4ea8-938d-190aa1807df6,1e4576e3-e074-4c6e-a150-2185272e8ea3,0,2026-05-19 05:14:27.029000
a9facceb-ea7d-4a6e-ae30-7cb89ac78c43,8ddc04b1-b994-4ea8-938d-190aa1807df6,94b28c87-4eb6-46da-aaf0-e3c7dbe0a2a6,1,2026-05-19 05:14:27.029000
35f41f4e-962c-42c5-bd3c-3f36bac0d2b2,8ddc04b1-b994-4ea8-938d-190aa1807df6,6e5406ce-6dfa-4d04-96e7-75726a52c37f,2,2026-05-19 05:14:27.029000
193f0891-c918-4fe4-8d12-13fe505219ca,8ddc04b1-b994-4ea8-938d-190aa1807df6,f9262700-8cac-403b-bfd4-c832b3dc80b0,3,2026-05-19 05:14:27.029000
4a7e4c79-df84-4ff5-a292-f0b0ad1b815d,8ddc04b1-b994-4ea8-938d-190aa1807df6,435608bc-6840-42d2-ae46-210a9301ecc4,4,2026-05-19 05:14:27.029000
40b6d571-0fb7-4b23-92ab-fe3df6250ff6,8ddc04b1-b994-4ea8-938d-190aa1807df6,b5a9ffec-d391-4f7d-8e37-b69a9d1bf80c,5,2026-05-19 05:14:27.029000
82998b12-0d5d-41ec-9374-26d5885173fa,8ddc04b1-b994-4ea8-938d-190aa1807df6,7ef2d75b-01d5-4e0d-875b-fbd12e610019,6,2026-05-19 05:14:27.029000
783fcdab-ff4f-4549-970a-60bcf31809ba,8ddc04b1-b994-4ea8-938d-190aa1807df6,c9110552-02eb-45a2-b8e5-9d2e0ddc997a,7,2026-05-19 05:14:27.029000
df391146-d901-448e-8de5-f296233e7974,8ddc04b1-b994-4ea8-938d-190aa1807df6,a1329300-73f6-40d6-9fb5-cfa5460a4647,8,2026-05-19 05:14:27.029000
dd676801-83a8-47e6-a0f1-d40e0dc7168f,8ddc04b1-b994-4ea8-938d-190aa1807df6,5d4a3d23-043f-4df2-8758-244dcca97935,9,2026-05-19 05:14:27.029000
575b01f9-f7f8-46bc-a19a-a760a9ad735c,8ddc04b1-b994-4ea8-938d-190aa1807df6,f8931b26-fd15-4e71-ab4e-ca6f2d7b24c1,10,2026-05-19 05:14:27.029000
08ca5b39-f6a3-40f0-9594-f0cb3f417938,8ddc04b1-b994-4ea8-938d-190aa1807df6,ef6db151-71b9-40f6-8b1d-d46d153de3fa,11,2026-05-19 05:14:27.029000
c6e2bafa-1155-4ab2-9c29-3205157c2705,22bef451-2447-4574-b2c0-8984ebf15830,fc847328-45d5-4042-953d-e3f6c7cd5505,0,2026-05-19 05:14:50.606000
90d441e8-34c8-407f-8ad1-c7e2be710542,22bef451-2447-4574-b2c0-8984ebf15830,3268c51a-9456-40e4-bfce-c9550f58347e,1,2026-05-19 05:14:50.606000
b6600776-ad55-4d8d-9ef1-8668badf096c,22bef451-2447-4574-b2c0-8984ebf15830,eb940700-5ee2-48d4-b3b0-92b2c69bbbc3,2,2026-05-19 05:14:50.606000
ef18e3fe-94df-40d5-bf71-a180999132b7,22bef451-2447-4574-b2c0-8984ebf15830,2e53a072-41f1-48e8-a379-9b8885fcdbcb,3,2026-05-19 05:14:50.606000
7ee38bf8-0fd8-46e4-ab71-21a8fcf22ba3,22bef451-2447-4574-b2c0-8984ebf15830,0b1dfee9-fda0-4832-ad45-819cecc9ca2a,4,2026-05-19 05:14:50.606000
b461771e-ea8f-4378-826c-f80c4162c4a2,22bef451-2447-4574-b2c0-8984ebf15830,6f238d25-d034-46b0-ab68-51d9226aca7a,5,2026-05-19 05:14:50.606000
03566a84-95d6-4050-80d5-8ba68f0c16e8,22bef451-2447-4574-b2c0-8984ebf15830,f12004bc-bec3-44c7-a89d-3900ea872596,6,2026-05-19 05:14:50.606000
95b94a2f-4743-4f81-8cdc-abe817ab981b,22bef451-2447-4574-b2c0-8984ebf15830,30276874-c317-4a5f-b439-cd5b426bfce6,7,2026-05-19 05:14:50.606000
22a03c2c-a072-41b1-9764-568a6f6bb791,22bef451-2447-4574-b2c0-8984ebf15830,6db60d85-248b-4143-ac90-33e27f711765,8,2026-05-19 05:14:50.606000
e97e8304-c865-4465-9aae-d70e25345049,1348ed79-ce47-4f00-bf00-34055e2c861a,6db60d85-248b-4143-ac90-33e27f711765,0,2026-05-19 05:15:04.063000
a8efd382-6a4c-459b-a01f-c3b088c9290e,1348ed79-ce47-4f00-bf00-34055e2c861a,fc847328-45d5-4042-953d-e3f6c7cd5505,1,2026-05-19 05:15:04.063000
82038c8b-370e-488b-ab08-554de6c061d1,1348ed79-ce47-4f00-bf00-34055e2c861a,3268c51a-9456-40e4-bfce-c9550f58347e,2,2026-05-19 05:15:04.063000
7a23ba3a-05b2-44b4-a69e-2f5f373307d9,1348ed79-ce47-4f00-bf00-34055e2c861a,eb940700-5ee2-48d4-b3b0-92b2c69bbbc3,3,2026-05-19 05:15:04.063000
556277f7-cf91-4d83-8d89-5a41e2d6be5f,1348ed79-ce47-4f00-bf00-34055e2c861a,2e53a072-41f1-48e8-a379-9b8885fcdbcb,4,2026-05-19 05:15:04.063000
eb6e3187-f09f-4f68-86e8-dbbf200b228b,1348ed79-ce47-4f00-bf00-34055e2c861a,0b1dfee9-fda0-4832-ad45-819cecc9ca2a,5,2026-05-19 05:15:04.063000
a3c3ece5-1944-4c99-8061-c9004834a901,1348ed79-ce47-4f00-bf00-34055e2c861a,6f238d25-d034-46b0-ab68-51d9226aca7a,6,2026-05-19 05:15:04.063000
927af8de-8ca8-4539-ba2b-f138f8c41137,1348ed79-ce47-4f00-bf00-34055e2c861a,f12004bc-bec3-44c7-a89d-3900ea872596,7,2026-05-19 05:15:04.063000
727ba5d7-8bad-47be-b457-3616fe3c07b6,1348ed79-ce47-4f00-bf00-34055e2c861a,30276874-c317-4a5f-b439-cd5b426bfce6,8,2026-05-19 05:15:04.063000
a61f03e9-61a4-4354-9517-ec8bbc1b292a,178bfd01-7249-43d6-8aff-f88d5561e67d,1e4576e3-e074-4c6e-a150-2185272e8ea3,0,2026-05-21 10:06:21.139000
3f9604af-2f69-4d9d-8dd9-d564d7e10185,178bfd01-7249-43d6-8aff-f88d5561e67d,94b28c87-4eb6-46da-aaf0-e3c7dbe0a2a6,1,2026-05-21 10:06:21.139000
299bc1f0-1dd7-4f1b-aeb0-93856eee4dd4,178bfd01-7249-43d6-8aff-f88d5561e67d,6e5406ce-6dfa-4d04-96e7-75726a52c37f,2,2026-05-21 10:06:21.139000
b4a6be8a-2903-425a-8954-74ed85cf1a6f,178bfd01-7249-43d6-8aff-f88d5561e67d,f9262700-8cac-403b-bfd4-c832b3dc80b0,3,2026-05-21 10:06:21.139000
cdf1d8f8-e244-4880-973e-346ab60dca72,178bfd01-7249-43d6-8aff-f88d5561e67d,435608bc-6840-42d2-ae46-210a9301ecc4,4,2026-05-21 10:06:21.139000
307cb3a2-997a-4f32-984a-a386e7e628c5,178bfd01-7249-43d6-8aff-f88d5561e67d,b5a9ffec-d391-4f7d-8e37-b69a9d1bf80c,5,2026-05-21 10:06:21.139000
b275d2cc-c72f-4bfd-8449-41b9f1f81274,178bfd01-7249-43d6-8aff-f88d5561e67d,7ef2d75b-01d5-4e0d-875b-fbd12e610019,6,2026-05-21 10:06:21.139000
c0bbf0f6-8ffb-44cc-b357-192fe606bd44,178bfd01-7249-43d6-8aff-f88d5561e67d,c9110552-02eb-45a2-b8e5-9d2e0ddc997a,7,2026-05-21 10:06:21.139000
5d4b12e6-8f40-4591-8b85-95df755c6c90,178bfd01-7249-43d6-8aff-f88d5561e67d,a1329300-73f6-40d6-9fb5-cfa5460a4647,8,2026-05-21 10:06:21.139000
53adfdfe-b2f4-4f9c-bd29-daafa414fc73,178bfd01-7249-43d6-8aff-f88d5561e67d,5d4a3d23-043f-4df2-8758-244dcca97935,9,2026-05-21 10:06:21.139000
d7e44620-ab29-4f1e-9713-68a43b700e6a,178bfd01-7249-43d6-8aff-f88d5561e67d,f8931b26-fd15-4e71-ab4e-ca6f2d7b24c1,10,2026-05-21 10:06:21.139000
e990ab84-dc5b-4a44-b427-d0da910a81a6,178bfd01-7249-43d6-8aff-f88d5561e67d,ef6db151-71b9-40f6-8b1d-d46d153de3fa,11,2026-05-21 10:06:21.139000
e0b9672c-23a3-4b09-a3ce-f49b3445a1d0,178bfd01-7249-43d6-8aff-f88d5561e67d,17435c4b-8bcb-42b9-9d60-eda08cb09a7c,12,2026-05-21 10:06:21.139000
5c84175b-4bef-4c8b-8365-f2ee60d03c54,c8e41f6e-1a1f-4dfe-b906-2a9587f55e5e,17435c4b-8bcb-42b9-9d60-eda08cb09a7c,0,2026-05-21 10:06:36.738000
bab500aa-d91d-4840-ac65-568aeb95be04,c8e41f6e-1a1f-4dfe-b906-2a9587f55e5e,1e4576e3-e074-4c6e-a150-2185272e8ea3,1,2026-05-21 10:06:36.738000
8cd5afc1-4ded-4adc-9aed-b6e69397976f,c8e41f6e-1a1f-4dfe-b906-2a9587f55e5e,94b28c87-4eb6-46da-aaf0-e3c7dbe0a2a6,2,2026-05-21 10:06:36.738000
f923e2e5-c5a1-4c01-8cbd-d1035041748e,c8e41f6e-1a1f-4dfe-b906-2a9587f55e5e,6e5406ce-6dfa-4d04-96e7-75726a52c37f,3,2026-05-21 10:06:36.738000
deab33d2-c41c-49e4-add4-ef779b8c7a99,c8e41f6e-1a1f-4dfe-b906-2a9587f55e5e,f9262700-8cac-403b-bfd4-c832b3dc80b0,4,2026-05-21 10:06:36.738000
94fa6651-e248-4b12-a6c6-0babd804c6ea,c8e41f6e-1a1f-4dfe-b906-2a9587f55e5e,435608bc-6840-42d2-ae46-210a9301ecc4,5,2026-05-21 10:06:36.738000
6df06738-af10-417e-8ef9-7b4779ed33c2,c8e41f6e-1a1f-4dfe-b906-2a9587f55e5e,b5a9ffec-d391-4f7d-8e37-b69a9d1bf80c,6,2026-05-21 10:06:36.738000
84312b43-8c18-49da-af66-586accfc0209,c8e41f6e-1a1f-4dfe-b906-2a9587f55e5e,7ef2d75b-01d5-4e0d-875b-fbd12e610019,7,2026-05-21 10:06:36.738000
1154e227-c7c7-4b6b-b188-2d28d1986d92,c8e41f6e-1a1f-4dfe-b906-2a9587f55e5e,c9110552-02eb-45a2-b8e5-9d2e0ddc997a,8,2026-05-21 10:06:36.738000
36f94751-06a6-40e2-b08c-df15a4e4d131,c8e41f6e-1a1f-4dfe-b906-2a9587f55e5e,a1329300-73f6-40d6-9fb5-cfa5460a4647,9,2026-05-21 10:06:36.738000
bba762ea-e142-4b28-8679-cbbb14fe6400,c8e41f6e-1a1f-4dfe-b906-2a9587f55e5e,5d4a3d23-043f-4df2-8758-244dcca97935,10,2026-05-21 10:06:36.738000
b4286478-dda2-47c0-a3f6-6dfaa607500e,c8e41f6e-1a1f-4dfe-b906-2a9587f55e5e,f8931b26-fd15-4e71-ab4e-ca6f2d7b24c1,11,2026-05-21 10:06:36.738000
513c5714-2519-462a-ad49-677ad4745bb1,c8e41f6e-1a1f-4dfe-b906-2a9587f55e5e,ef6db151-71b9-40f6-8b1d-d46d153de3fa,12,2026-05-21 10:06:36.738000
2b679696-1168-408c-96b7-f4ccc5a2473b,7b22a74f-b2a8-41e0-8f3d-26f8837c936b,6db60d85-248b-4143-ac90-33e27f711765,0,2026-05-21 10:06:59.963000
497bd477-0499-44f0-9c3f-cc6ccc31f1d9,7b22a74f-b2a8-41e0-8f3d-26f8837c936b,fc847328-45d5-4042-953d-e3f6c7cd5505,1,2026-05-21 10:06:59.963000
94cd57f2-24c7-4b50-81a7-ffddec973e08,7b22a74f-b2a8-41e0-8f3d-26f8837c936b,3268c51a-9456-40e4-bfce-c9550f58347e,2,2026-05-21 10:06:59.963000
770af191-2ae3-48d3-a07d-d3e503298959,7b22a74f-b2a8-41e0-8f3d-26f8837c936b,eb940700-5ee2-48d4-b3b0-92b2c69bbbc3,3,2026-05-21 10:06:59.963000
a3cb2dfd-574d-4dc6-8ecd-e662ff672fd1,7b22a74f-b2a8-41e0-8f3d-26f8837c936b,2e53a072-41f1-48e8-a379-9b8885fcdbcb,4,2026-05-21 10:06:59.963000
4d0720a9-6cdf-4490-a3a0-0145d3f9702e,7b22a74f-b2a8-41e0-8f3d-26f8837c936b,0b1dfee9-fda0-4832-ad45-819cecc9ca2a,5,2026-05-21 10:06:59.963000
dc6a0c57-106d-4f98-87aa-53a211c9425e,7b22a74f-b2a8-41e0-8f3d-26f8837c936b,6f238d25-d034-46b0-ab68-51d9226aca7a,6,2026-05-21 10:06:59.963000
e48ae45c-a7cc-4de4-bc52-fa25ed957487,7b22a74f-b2a8-41e0-8f3d-26f8837c936b,f12004bc-bec3-44c7-a89d-3900ea872596,7,2026-05-21 10:06:59.963000
c60464e5-bc66-4857-a7d9-e6118fc3247f,7b22a74f-b2a8-41e0-8f3d-26f8837c936b,30276874-c317-4a5f-b439-cd5b426bfce6,8,2026-05-21 10:06:59.963000
afdad7a2-53d5-4982-ad7f-1525b975f4a3,7b22a74f-b2a8-41e0-8f3d-26f8837c936b,f568ecaf-3a43-4329-9767-c0b61dd55e08,9,2026-05-21 10:06:59.963000
bf0442f6-fa34-4db8-9c34-88fe64dffcf4,a8b2a1ad-185a-467e-a731-bcf1db7666fd,f568ecaf-3a43-4329-9767-c0b61dd55e08,0,2026-05-21 10:07:14.464000
b0f4d3bd-8298-43ed-807a-cec61166ec58,a8b2a1ad-185a-467e-a731-bcf1db7666fd,6db60d85-248b-4143-ac90-33e27f711765,1,2026-05-21 10:07:14.464000
80af00d0-0238-40fe-b337-96d2e3b116a9,a8b2a1ad-185a-467e-a731-bcf1db7666fd,fc847328-45d5-4042-953d-e3f6c7cd5505,2,2026-05-21 10:07:14.464000
505fd688-e6ba-4ed5-ae00-4cb2a4d803b5,a8b2a1ad-185a-467e-a731-bcf1db7666fd,3268c51a-9456-40e4-bfce-c9550f58347e,3,2026-05-21 10:07:14.464000
cd93d4f6-db87-4bc4-b276-a9ad3c264463,a8b2a1ad-185a-467e-a731-bcf1db7666fd,eb940700-5ee2-48d4-b3b0-92b2c69bbbc3,4,2026-05-21 10:07:14.464000
93dad296-21e1-47a2-9499-3213698239d3,a8b2a1ad-185a-467e-a731-bcf1db7666fd,2e53a072-41f1-48e8-a379-9b8885fcdbcb,5,2026-05-21 10:07:14.464000
222c1e2c-d470-4b22-91ff-71aec06ec5f5,a8b2a1ad-185a-467e-a731-bcf1db7666fd,0b1dfee9-fda0-4832-ad45-819cecc9ca2a,6,2026-05-21 10:07:14.464000
84d9107b-62db-49f1-9c23-2705cc84f9c7,a8b2a1ad-185a-467e-a731-bcf1db7666fd,6f238d25-d034-46b0-ab68-51d9226aca7a,7,2026-05-21 10:07:14.464000
8f25d06d-f47f-43a0-80be-5e479c2042c4,a8b2a1ad-185a-467e-a731-bcf1db7666fd,f12004bc-bec3-44c7-a89d-3900ea872596,8,2026-05-21 10:07:14.464000
59c93704-6dbd-4e8f-bd7e-c900f1631c03,a8b2a1ad-185a-467e-a731-bcf1db7666fd,30276874-c317-4a5f-b439-cd5b426bfce6,9,2026-05-21 10:07:14.464000
7b64e3a3-5197-413b-8833-38d5c1fc92fe,47e20e9c-f296-4e6e-b789-d0f651dfc6c3,17435c4b-8bcb-42b9-9d60-eda08cb09a7c,0,2026-05-21 10:10:31.259000
e17a1e7c-1dc2-4990-9bbf-9b9d7e12c449,47e20e9c-f296-4e6e-b789-d0f651dfc6c3,1e4576e3-e074-4c6e-a150-2185272e8ea3,1,2026-05-21 10:10:31.259000
8015b2c8-69d8-435d-9e59-c245101d2bdb,47e20e9c-f296-4e6e-b789-d0f651dfc6c3,94b28c87-4eb6-46da-aaf0-e3c7dbe0a2a6,2,2026-05-21 10:10:31.259000
f97c5894-fd3f-4313-b144-fde6a8178ed8,47e20e9c-f296-4e6e-b789-d0f651dfc6c3,6e5406ce-6dfa-4d04-96e7-75726a52c37f,3,2026-05-21 10:10:31.259000
559b7b52-fddc-4a06-ba20-6d271fd8badc,47e20e9c-f296-4e6e-b789-d0f651dfc6c3,f9262700-8cac-403b-bfd4-c832b3dc80b0,4,2026-05-21 10:10:31.259000
8db5aa1f-1cf2-43bc-8a5e-365b62497d10,47e20e9c-f296-4e6e-b789-d0f651dfc6c3,435608bc-6840-42d2-ae46-210a9301ecc4,5,2026-05-21 10:10:31.259000
24efa2da-8dbd-4363-8207-925fbabf1246,47e20e9c-f296-4e6e-b789-d0f651dfc6c3,b5a9ffec-d391-4f7d-8e37-b69a9d1bf80c,6,2026-05-21 10:10:31.259000
4430581d-c49b-4376-88d7-7f17ccec6c98,47e20e9c-f296-4e6e-b789-d0f651dfc6c3,7ef2d75b-01d5-4e0d-875b-fbd12e610019,7,2026-05-21 10:10:31.259000
f89cd143-df34-459f-903f-28c555dc813f,47e20e9c-f296-4e6e-b789-d0f651dfc6c3,c9110552-02eb-45a2-b8e5-9d2e0ddc997a,8,2026-05-21 10:10:31.259000
19871015-cb06-4408-b763-4a59efe023ba,47e20e9c-f296-4e6e-b789-d0f651dfc6c3,a1329300-73f6-40d6-9fb5-cfa5460a4647,9,2026-05-21 10:10:31.259000
9c8052eb-264b-425d-addc-ad1a089c0c23,47e20e9c-f296-4e6e-b789-d0f651dfc6c3,5d4a3d23-043f-4df2-8758-244dcca97935,10,2026-05-21 10:10:31.259000
92099122-c725-49bd-ad3e-3a361779b346,47e20e9c-f296-4e6e-b789-d0f651dfc6c3,f8931b26-fd15-4e71-ab4e-ca6f2d7b24c1,11,2026-05-21 10:10:31.259000
0e16ebe6-79eb-46f1-beae-ef468c108962,47e20e9c-f296-4e6e-b789-d0f651dfc6c3,ef6db151-71b9-40f6-8b1d-d46d153de3fa,12,2026-05-21 10:10:31.259000
251abefc-346c-4f6e-9109-841a63f8a575,47e20e9c-f296-4e6e-b789-d0f651dfc6c3,f9852b75-7e84-4f98-aba4-a48e78526289,13,2026-05-21 10:10:31.259000
fddeca01-94e6-4ce2-8a3d-d6710d327fac,1d24beab-8c45-48c9-a273-939263c567bd,f9852b75-7e84-4f98-aba4-a48e78526289,0,2026-05-21 10:10:46.679000
fc94bd29-fdf2-4a87-b4b4-c1cfde0b0670,1d24beab-8c45-48c9-a273-939263c567bd,17435c4b-8bcb-42b9-9d60-eda08cb09a7c,1,2026-05-21 10:10:46.679000
10a0679d-af9a-4531-abb7-2d25f45dba8c,1d24beab-8c45-48c9-a273-939263c567bd,1e4576e3-e074-4c6e-a150-2185272e8ea3,2,2026-05-21 10:10:46.679000
55502f8f-8d86-41f5-a316-61780a6ed2cd,1d24beab-8c45-48c9-a273-939263c567bd,94b28c87-4eb6-46da-aaf0-e3c7dbe0a2a6,3,2026-05-21 10:10:46.679000
7c18d34b-2ffb-4d76-b51c-36b89db772a0,1d24beab-8c45-48c9-a273-939263c567bd,6e5406ce-6dfa-4d04-96e7-75726a52c37f,4,2026-05-21 10:10:46.679000
644eec87-8488-4833-a659-1504ab95f014,1d24beab-8c45-48c9-a273-939263c567bd,f9262700-8cac-403b-bfd4-c832b3dc80b0,5,2026-05-21 10:10:46.679000
af4a9bb9-13cb-485a-a639-778481eb9cc5,1d24beab-8c45-48c9-a273-939263c567bd,435608bc-6840-42d2-ae46-210a9301ecc4,6,2026-05-21 10:10:46.679000
84b2de92-5bf9-449b-a6aa-dd9c08bb062a,1d24beab-8c45-48c9-a273-939263c567bd,b5a9ffec-d391-4f7d-8e37-b69a9d1bf80c,7,2026-05-21 10:10:46.679000
3d564cca-1842-4e01-81ba-e1d5f9dbb344,1d24beab-8c45-48c9-a273-939263c567bd,7ef2d75b-01d5-4e0d-875b-fbd12e610019,8,2026-05-21 10:10:46.679000
366b4215-0a04-4970-8e80-523406663a96,1d24beab-8c45-48c9-a273-939263c567bd,c9110552-02eb-45a2-b8e5-9d2e0ddc997a,9,2026-05-21 10:10:46.679000
467c1a21-49a1-4006-af59-9fdd8bbd08f8,1d24beab-8c45-48c9-a273-939263c567bd,a1329300-73f6-40d6-9fb5-cfa5460a4647,10,2026-05-21 10:10:46.679000
a2874674-2675-4957-af47-6b856803f9fd,1d24beab-8c45-48c9-a273-939263c567bd,5d4a3d23-043f-4df2-8758-244dcca97935,11,2026-05-21 10:10:46.679000
61dcff9f-b4b2-486b-856e-bce0a51ecf39,1d24beab-8c45-48c9-a273-939263c567bd,f8931b26-fd15-4e71-ab4e-ca6f2d7b24c1,12,2026-05-21 10:10:46.679000
cb09b6e6-db3e-4401-8907-b1b0658b86d5,1d24beab-8c45-48c9-a273-939263c567bd,ef6db151-71b9-40f6-8b1d-d46d153de3fa,13,2026-05-21 10:10:46.679000
91fc5db2-67ca-437d-9181-07be585062c0,288eaa17-58af-47d7-b829-0a654b5e4fb3,f568ecaf-3a43-4329-9767-c0b61dd55e08,0,2026-05-21 10:11:09.802000
26369ed2-46c0-4d55-9058-99ebad30cc97,288eaa17-58af-47d7-b829-0a654b5e4fb3,6db60d85-248b-4143-ac90-33e27f711765,1,2026-05-21 10:11:09.802000
85d8732b-f6f0-4dfb-b519-26dbd2b580fa,288eaa17-58af-47d7-b829-0a654b5e4fb3,fc847328-45d5-4042-953d-e3f6c7cd5505,2,2026-05-21 10:11:09.802000
b05ddaeb-c779-4681-bd43-b12f667c3c62,288eaa17-58af-47d7-b829-0a654b5e4fb3,3268c51a-9456-40e4-bfce-c9550f58347e,3,2026-05-21 10:11:09.802000
aae1c72e-6aeb-4a57-a6ea-7759e2eec919,288eaa17-58af-47d7-b829-0a654b5e4fb3,eb940700-5ee2-48d4-b3b0-92b2c69bbbc3,4,2026-05-21 10:11:09.802000
99e47956-a10b-4b7f-9e5f-66c218c6615e,288eaa17-58af-47d7-b829-0a654b5e4fb3,2e53a072-41f1-48e8-a379-9b8885fcdbcb,5,2026-05-21 10:11:09.802000
8648378a-b3e7-4cbc-b2f8-1d12cfaa7864,288eaa17-58af-47d7-b829-0a654b5e4fb3,0b1dfee9-fda0-4832-ad45-819cecc9ca2a,6,2026-05-21 10:11:09.802000
cbdbeed4-7520-4444-bbf2-ceb2ae34491c,288eaa17-58af-47d7-b829-0a654b5e4fb3,6f238d25-d034-46b0-ab68-51d9226aca7a,7,2026-05-21 10:11:09.802000
aaa5d3a3-9e4c-43be-a044-53ef9af800f4,288eaa17-58af-47d7-b829-0a654b5e4fb3,f12004bc-bec3-44c7-a89d-3900ea872596,8,2026-05-21 10:11:09.802000
73ad8a5d-5aa6-44f8-8c54-3cbbda0e6e73,288eaa17-58af-47d7-b829-0a654b5e4fb3,30276874-c317-4a5f-b439-cd5b426bfce6,9,2026-05-21 10:11:09.802000
eb9896c5-00a2-4538-9efa-eef229b6e82e,288eaa17-58af-47d7-b829-0a654b5e4fb3,65dfc407-4fa2-4697-bbbf-756631c23be7,10,2026-05-21 10:11:09.802000
6f46533f-059a-4c0b-908f-7793642faf05,b68f2aca-4ece-4457-8141-3b244d657db6,65dfc407-4fa2-4697-bbbf-756631c23be7,0,2026-05-21 10:11:23.679000
660bccaf-d199-4af8-8dda-af6f15c9c530,b68f2aca-4ece-4457-8141-3b244d657db6,f568ecaf-3a43-4329-9767-c0b61dd55e08,1,2026-05-21 10:11:23.679000
f471b32b-966b-4d63-af5a-c649f8eacbb0,b68f2aca-4ece-4457-8141-3b244d657db6,6db60d85-248b-4143-ac90-33e27f711765,2,2026-05-21 10:11:23.679000
861c2b08-50af-4902-8b9a-79b03ac303be,b68f2aca-4ece-4457-8141-3b244d657db6,fc847328-45d5-4042-953d-e3f6c7cd5505,3,2026-05-21 10:11:23.679000
7b11b6c4-af0c-4ca0-94c7-b83bfcf5d24d,b68f2aca-4ece-4457-8141-3b244d657db6,3268c51a-9456-40e4-bfce-c9550f58347e,4,2026-05-21 10:11:23.679000
1ab9428e-3b8f-41d3-8be9-a191288b923e,b68f2aca-4ece-4457-8141-3b244d657db6,eb940700-5ee2-48d4-b3b0-92b2c69bbbc3,5,2026-05-21 10:11:23.679000
82b2d852-c638-4c42-88e8-a45ac669410a,b68f2aca-4ece-4457-8141-3b244d657db6,2e53a072-41f1-48e8-a379-9b8885fcdbcb,6,2026-05-21 10:11:23.679000
b54c75ce-be84-46e6-8eb6-77954d412a51,b68f2aca-4ece-4457-8141-3b244d657db6,0b1dfee9-fda0-4832-ad45-819cecc9ca2a,7,2026-05-21 10:11:23.679000
610247cd-4827-4a2b-84d4-d2165541895c,b68f2aca-4ece-4457-8141-3b244d657db6,6f238d25-d034-46b0-ab68-51d9226aca7a,8,2026-05-21 10:11:23.679000
0be91be5-3a1c-45d8-ab31-3211314c29e8,b68f2aca-4ece-4457-8141-3b244d657db6,f12004bc-bec3-44c7-a89d-3900ea872596,9,2026-05-21 10:11:23.679000
5fbde337-8759-43e0-beb1-8fea3704fc3a,b68f2aca-4ece-4457-8141-3b244d657db6,30276874-c317-4a5f-b439-cd5b426bfce6,10,2026-05-21 10:11:23.679000
1bfc0b6d-3999-4bfd-8104-4b88e1c19f0c,f55ed90d-7c91-4ee4-94de-13d89f09fbc1,b3b59b44-3e67-4ec4-927f-b8b84fb02136,0,2026-05-23 15:51:51.040000
0dc75c4b-6a49-4261-a1a1-88887b9f4189,5b5f16d5-47bc-4d46-8f0c-b2b8dda0bb12,27d772e5-0a8b-401d-be0b-4829926dcbed,0,2026-05-24 23:01:42.544000
96541b89-10d7-4b79-b6c0-c1b0416749fc,5b5f16d5-47bc-4d46-8f0c-b2b8dda0bb12,09357d4a-0727-48e3-83f5-cb3e7c0f4011,1,2026-05-24 23:01:42.544000
dea7d960-0e30-41c9-9fd1-841f17333192,9a7f504c-1b61-4ae5-a5a8-616b61aa287b,99a7e0fc-1125-443a-9f02-9a9d5573fe0c,0,2026-05-26 20:42:59.204000
a41c55a3-cee0-4dfe-b011-69f271952862,9a7f504c-1b61-4ae5-a5a8-616b61aa287b,36f08cba-6f7d-4c2d-9d9d-d06c42171dbf,1,2026-05-26 20:42:59.204000
0a58012e-8728-432d-8b3e-6fa9977cc9ca,9a7f504c-1b61-4ae5-a5a8-616b61aa287b,75400c62-8d55-4517-9199-0e4d6ba590c6,2,2026-05-26 20:42:59.204000
f4f38762-e7aa-47d2-a2f4-a56fb7687cfe,187f9874-8596-4df1-873a-1405ee28a01c,f9852b75-7e84-4f98-aba4-a48e78526289,0,2026-05-28 21:14:35.195000
a631bccf-f8e2-4f22-bf7a-5b63e4a2ba19,187f9874-8596-4df1-873a-1405ee28a01c,17435c4b-8bcb-42b9-9d60-eda08cb09a7c,1,2026-05-28 21:14:35.195000
713f9251-379d-4ad4-bbe3-9e21f43903de,187f9874-8596-4df1-873a-1405ee28a01c,1e4576e3-e074-4c6e-a150-2185272e8ea3,2,2026-05-28 21:14:35.195000
1e49a987-7b28-4449-851d-31945f58b0bd,187f9874-8596-4df1-873a-1405ee28a01c,94b28c87-4eb6-46da-aaf0-e3c7dbe0a2a6,3,2026-05-28 21:14:35.195000
58d38cbf-3336-4a17-90c7-833e1ad46850,187f9874-8596-4df1-873a-1405ee28a01c,6e5406ce-6dfa-4d04-96e7-75726a52c37f,4,2026-05-28 21:14:35.195000
fa6a0896-210f-4998-8f75-9dc0ed1439be,187f9874-8596-4df1-873a-1405ee28a01c,f9262700-8cac-403b-bfd4-c832b3dc80b0,5,2026-05-28 21:14:35.195000
b826811c-631a-41f5-a41c-6b8ab95bfe65,187f9874-8596-4df1-873a-1405ee28a01c,435608bc-6840-42d2-ae46-210a9301ecc4,6,2026-05-28 21:14:35.195000
4f14ad89-5310-415f-a31f-942bdce7eda3,187f9874-8596-4df1-873a-1405ee28a01c,b5a9ffec-d391-4f7d-8e37-b69a9d1bf80c,7,2026-05-28 21:14:35.195000
a28d8593-3430-4b72-8fb6-fdeb2bc70899,187f9874-8596-4df1-873a-1405ee28a01c,7ef2d75b-01d5-4e0d-875b-fbd12e610019,8,2026-05-28 21:14:35.195000
e29de9cd-ec79-4a2c-813a-a18647d4747b,187f9874-8596-4df1-873a-1405ee28a01c,c9110552-02eb-45a2-b8e5-9d2e0ddc997a,9,2026-05-28 21:14:35.195000
2dc5fa12-f368-450e-8aeb-e35c6559ae09,187f9874-8596-4df1-873a-1405ee28a01c,a1329300-73f6-40d6-9fb5-cfa5460a4647,10,2026-05-28 21:14:35.195000
081e4acd-786f-4dde-a198-31ae2b6d77e3,187f9874-8596-4df1-873a-1405ee28a01c,5d4a3d23-043f-4df2-8758-244dcca97935,11,2026-05-28 21:14:35.195000
665c5d3f-bb53-41fc-b3a2-7c9d8e202409,187f9874-8596-4df1-873a-1405ee28a01c,f8931b26-fd15-4e71-ab4e-ca6f2d7b24c1,12,2026-05-28 21:14:35.195000
cafe8d31-897f-4012-8b48-3682b50680e1,187f9874-8596-4df1-873a-1405ee28a01c,ef6db151-71b9-40f6-8b1d-d46d153de3fa,13,2026-05-28 21:14:35.195000
f993d550-1ab1-4b61-96ce-b5952f058885,187f9874-8596-4df1-873a-1405ee28a01c,d33fd4b7-3274-47c6-8259-420b48ed1d05,14,2026-05-28 21:14:35.195000
fe975e41-6b70-4125-a459-6f1f554594de,8544c666-e245-41aa-9373-7a371339c769,d33fd4b7-3274-47c6-8259-420b48ed1d05,0,2026-05-28 21:14:52.461000
3aafaccc-ed5e-4e87-b826-e36dfc88e742,8544c666-e245-41aa-9373-7a371339c769,f9852b75-7e84-4f98-aba4-a48e78526289,1,2026-05-28 21:14:52.461000
286f9118-8db2-48d8-89a0-1a494667d5dd,8544c666-e245-41aa-9373-7a371339c769,17435c4b-8bcb-42b9-9d60-eda08cb09a7c,2,2026-05-28 21:14:52.461000
8254904c-5ca3-44c9-b64a-7a4db1ef89e4,8544c666-e245-41aa-9373-7a371339c769,1e4576e3-e074-4c6e-a150-2185272e8ea3,3,2026-05-28 21:14:52.461000
f6a88998-a4d9-4fed-9e8e-29d9b0e34900,8544c666-e245-41aa-9373-7a371339c769,94b28c87-4eb6-46da-aaf0-e3c7dbe0a2a6,4,2026-05-28 21:14:52.461000
693c7c2f-055d-4122-b26d-24bd6a6cde9c,8544c666-e245-41aa-9373-7a371339c769,6e5406ce-6dfa-4d04-96e7-75726a52c37f,5,2026-05-28 21:14:52.461000
2d7e7e2a-250d-4104-ac08-a13fad0cd75f,8544c666-e245-41aa-9373-7a371339c769,f9262700-8cac-403b-bfd4-c832b3dc80b0,6,2026-05-28 21:14:52.461000
b30eb7ec-a234-43f3-83cd-76437b1066a3,8544c666-e245-41aa-9373-7a371339c769,435608bc-6840-42d2-ae46-210a9301ecc4,7,2026-05-28 21:14:52.461000
3014ea4c-3e6c-4958-8b6c-e1fbc709dc94,8544c666-e245-41aa-9373-7a371339c769,b5a9ffec-d391-4f7d-8e37-b69a9d1bf80c,8,2026-05-28 21:14:52.461000
ca4d1c00-52e8-4457-ac9b-a48b5e727008,8544c666-e245-41aa-9373-7a371339c769,7ef2d75b-01d5-4e0d-875b-fbd12e610019,9,2026-05-28 21:14:52.461000
4b47275e-8974-4356-af31-b1f2bf264bf8,8544c666-e245-41aa-9373-7a371339c769,c9110552-02eb-45a2-b8e5-9d2e0ddc997a,10,2026-05-28 21:14:52.461000
e526f3b1-5449-4b5f-8215-0cf4bca93589,8544c666-e245-41aa-9373-7a371339c769,a1329300-73f6-40d6-9fb5-cfa5460a4647,11,2026-05-28 21:14:52.461000
9683eec2-fb25-40d0-b834-f48864daabd5,8544c666-e245-41aa-9373-7a371339c769,5d4a3d23-043f-4df2-8758-244dcca97935,12,2026-05-28 21:14:52.461000
56dff0f7-47ab-4b83-a161-a526568c2436,8544c666-e245-41aa-9373-7a371339c769,f8931b26-fd15-4e71-ab4e-ca6f2d7b24c1,13,2026-05-28 21:14:52.461000
5d3a3322-a068-415a-add3-5e48395279e0,8544c666-e245-41aa-9373-7a371339c769,ef6db151-71b9-40f6-8b1d-d46d153de3fa,14,2026-05-28 21:14:52.461000
aa8c0650-80e4-45cb-be18-1151b219216a,48793cba-64e9-43c2-8c32-77beb09737e7,24eabb4e-9972-4498-af76-560c9a451664,0,2026-05-28 21:15:19.688000
7c8e5f7d-5552-48ca-839a-344afd2075d6,48793cba-64e9-43c2-8c32-77beb09737e7,ecec1823-5875-40bb-8392-dbad276e6ce5,1,2026-05-28 21:15:19.688000
e7a30a1d-7d42-4787-b118-64d4c447b647,48793cba-64e9-43c2-8c32-77beb09737e7,33fb9132-163e-4ab6-912c-d5e7b7480da0,2,2026-05-28 21:15:19.688000
5ad6e640-7b55-4b26-a797-29b27762f250,48793cba-64e9-43c2-8c32-77beb09737e7,84203cf7-9f32-4dd1-b818-8f7835a52eda,3,2026-05-28 21:15:19.688000
9c637d1c-5f60-4419-bfce-b7af18b9220f,07f23c34-317c-4ed1-88e5-4dcdb60184f3,84203cf7-9f32-4dd1-b818-8f7835a52eda,0,2026-05-28 21:15:32.125000
013348b2-8515-4a23-8c5f-d0609c6762bc,07f23c34-317c-4ed1-88e5-4dcdb60184f3,24eabb4e-9972-4498-af76-560c9a451664,1,2026-05-28 21:15:32.125000
81915081-0587-4ef8-a931-e7d5efa28cae,07f23c34-317c-4ed1-88e5-4dcdb60184f3,ecec1823-5875-40bb-8392-dbad276e6ce5,2,2026-05-28 21:15:32.125000
2e4c1866-3cda-488b-a970-bd3b1093dfd2,07f23c34-317c-4ed1-88e5-4dcdb60184f3,33fb9132-163e-4ab6-912c-d5e7b7480da0,3,2026-05-28 21:15:32.125000
94e3683f-15f0-4bc3-aa3b-9192631c6ee1,fc58f79a-7935-41ab-929c-f447c3c8ab6e,b3b59b44-3e67-4ec4-927f-b8b84fb02136,0,2026-05-30 17:00:35.848000
19c7c56a-b909-422a-b878-252cd80ab587,fc58f79a-7935-41ab-929c-f447c3c8ab6e,b85b6dde-0c79-43bd-b11f-2434a63fcf76,1,2026-05-30 17:00:35.848000
c97ae873-2acd-420c-90a3-461c990f0be9,85ab2c46-506a-4111-8e95-6baa2720b1db,99a7e0fc-1125-443a-9f02-9a9d5573fe0c,0,2026-05-30 22:08:32.162000
3488ce4d-9abf-4a71-b1aa-630f24fecf5d,85ab2c46-506a-4111-8e95-6baa2720b1db,36f08cba-6f7d-4c2d-9d9d-d06c42171dbf,1,2026-05-30 22:08:32.162000
af704207-a540-4222-9992-e0ce0a207fe3,85ab2c46-506a-4111-8e95-6baa2720b1db,75400c62-8d55-4517-9199-0e4d6ba590c6,2,2026-05-30 22:08:32.162000
de81409f-c470-425d-913b-41435a386a10,85ab2c46-506a-4111-8e95-6baa2720b1db,9c105ddc-f8f1-4326-9e14-5e1d46152260,3,2026-05-30 22:08:32.162000
2579b2ba-0189-42fb-99cf-929e1e4579a6,412b1067-100d-4fff-a3cd-d3c0f33f11ec,9c105ddc-f8f1-4326-9e14-5e1d46152260,0,2026-05-30 22:08:40.113000
260b9f35-13f1-4aba-9c86-588933ed4e17,412b1067-100d-4fff-a3cd-d3c0f33f11ec,99a7e0fc-1125-443a-9f02-9a9d5573fe0c,1,2026-05-30 22:08:40.113000
4eb7d2a8-6325-4aee-84f9-f685b2192f0f,412b1067-100d-4fff-a3cd-d3c0f33f11ec,36f08cba-6f7d-4c2d-9d9d-d06c42171dbf,2,2026-05-30 22:08:40.113000
cfa1a7b5-e3ec-4fc7-88e2-8dcfedc62b9a,412b1067-100d-4fff-a3cd-d3c0f33f11ec,75400c62-8d55-4517-9199-0e4d6ba590c6,3,2026-05-30 22:08:40.113000
